Dataset,Model,Model Context Length,Total Documents,Valid Documents,Docs Exceeding Context (%),Avg Documents Words,Std Dev Documents Words,Avg Documents Tokens,Min Doc Words,Min Doc Tokens,Max Doc Words,Max Doc Tokens,Context Window Outliers Count,Context Window Outliers IDs
arguana,EleutherAI/gpt-j-6B,2048,100000,100000,0.0,167.1,88.03,205.29,1 (ID: training-society-iasihbmubf-pro06a),1.0,1058 (ID: validation-politics-tsihsspa-pro01a),1360.0,0,None
bioasq,EleutherAI/gpt-j-6B,2048,100000,99999,0.0,203.6,78.3,310.7,11 (ID: 29209678),15.0,997 (ID: 30406638),1467.0,1,17342195
climate-fever,EleutherAI/gpt-j-6B,2048,100000,99982,0.02,96.65,100.76,121.53,1 (ID: Speciosity),2.0,1751 (ID: Commack_Methodist_Church_and_Cemetery),2040.0,18,"Index_of_World_War_II_articles_(H),List_of_Brazilian_fruits,Glossary_of_mergers,_acquisitions,_and_takeovers,List_of_Latin_legal_terms,Orectogyrus,Paweł_Kowalewski,Nesmeyanov_Institute_of_Organoelement_Compounds,List_of_villages_in_Araria_district,List_of_Australian_Royal_Commissions,800_(number),Somalomo,Philip_Pocock,Hugo_Simon,Muang_Phuan,List_of_BMP-1_operators,ISO_639:m,Williams_House,Sandilya_Vidya"
cqadupstack,EleutherAI/gpt-j-6B,2048,100000,100000,0.0,120.49,75.85,241.96,6 (ID: 113696),9.0,879 (ID: 132832),1681.0,0,None
dbpedia-entity,EleutherAI/gpt-j-6B,2048,100000,100000,0.0,49.63,23.21,74.86,3 (ID: <dbpedia:C._pygmaea>),6.0,801 (ID: <dbpedia:Military_instructors_and_trainers_of_the_Empire_of_Japan>),1828.0,0,None
fever,EleutherAI/gpt-j-6B,2048,100000,99983,0.02,97.03,102.51,121.88,1 (ID: WJPJ),2.0,1722 (ID: Kenneth_L._Maddy),1960.0,17,"Australian_performance_poetry,Weepers_Circus,Kharwa_caste,José_Ramos_Costa,List_of_Anolis_lizards,Gammarus,Electoral_history_of_Lyndon_B._Johnson,List_of_moths_of_South_Africa_(Arctiinae),Hugo_Simon,Greg_Delanty,List_of_converts_to_Christianity_from_Judaism,Channel_31_digital_TV_stations_in_the_United_States,Molière_Award_for_Best_Supporting_Actor,List_of_Colombian_telenovelas,Plant_Collections_Network,Dyschirius,List_of_albums_containing_a_hidden_track:_S"
fiqa,EleutherAI/gpt-j-6B,2048,43135,43135,0.0,127.24,70.82,165.87,15 (ID: 428127),49.0,407 (ID: 271076),1256.0,0,None
hotpotqa,EleutherAI/gpt-j-6B,2048,100000,100000,0.0,46.45,31.64,69.64,2 (ID: 1827503),7.0,344 (ID: 12057300),572.0,0,None
nfcorpus,EleutherAI/gpt-j-6B,2048,3633,3632,0.03,233.42,80.82,341.14,17 (ID: MED-5063),20.0,1450 (ID: MED-1028),2028.0,1,MED-957
nq,EleutherAI/gpt-j-6B,2048,100000,99997,0.0,79.12,58.04,106.81,1 (ID: doc648263),4.0,953 (ID: doc1669848),1310.0,3,"doc2391438,doc2391465,doc1038938"
quora,EleutherAI/gpt-j-6B,2048,100000,100000,0.0,11.45,6.27,14.06,1 (ID: 288142),1.0,108 (ID: 337514),196.0,0,None
robust04,EleutherAI/gpt-j-6B,2048,100000,97447,2.55,409.03,327.1,534.67,1 (ID: FR940511-2-00219),9.0,1764 (ID: FBIS3-13279),2048.0,2553,"FBIS4-9093,FBIS4-954,LA103090-0134,LA122489-0046,LA122789-0095,FBIS4-42068,FBIS4-46783,FBIS3-59267,FBIS4-38736,LA061090-0153,LA062589-0028,FBIS4-66170,FBIS4-66480,FT944-16022,LA091090-0071,FBIS4-587,FBIS3-52449,FBIS4-65080,FBIS4-22668,FBIS4-9418,FBIS3-2175,FT921-1142,FT921-4120,LA010890-0001,FBIS4-56567,FR940318-0-00099,FT911-1276,FBIS4-68811,FBIS3-21405,LA031190-0194,FT931-3647,FBIS3-42934,LA052090-0213,FBIS4-41826,FT932-13557,FBIS4-54960,FR940826-2-00096,FR941107-2-00103,FBIS3-2241,LA080590-0099,FT944-6672,FT944-9960,FBIS4-20680,FBIS4-1781,FBIS3-41590,LA083090-0213,LA070289-0154,FBIS3-3382,LA122790-0072,FBIS3-24047,FBIS3-49034,LA082789-0085,FBIS3-45907,FBIS4-32038,LA090889-0007,LA071990-0175,FBIS4-52020,FBIS4-9754,LA102389-0078,FR940805-1-00059,LA012990-0006,FBIS3-42468,LA041590-0219,FBIS3-31817,LA092589-0071,FBIS4-25124,FBIS3-27130,FBIS4-25581,FBIS3-14,FT942-10457,FR940907-0-00043,LA080189-0115,FBIS4-22186,LA010189-0190,LA110989-0090,FBIS4-24424,FBIS3-37008,FT942-17362,FT922-10341,FBIS3-24619,FBIS3-21161,FT934-5696,LA022789-0076,FBIS3-44646,LA112489-0106,FBIS4-63734,LA080989-0028,LA061889-0051,FBIS4-6543,FBIS3-2856,LA110489-0139,LA093090-0030,FR940527-1-00173,FBIS4-3087,FBIS3-43072,FT941-6611,FBIS3-20607,LA101390-0154,LA012890-0188,FBIS3-48259,FT934-9811,FBIS3-18259,LA112690-0095,FBIS4-44875,LA110490-0248,LA123090-0174,LA080689-0085,LA020490-0235,FBIS4-41849,FBIS4-9958,FBIS3-30475,FBIS3-4633,LA050189-0086,FT931-6723,FT942-5135,FT921-15846,LA102190-0212,FT921-7396,FBIS4-22537,FT921-16330,FT941-16249,LA070389-0074,FBIS3-25050,FT931-5139,FT931-16846,FBIS3-36557,FBIS4-68522,FBIS4-44929,LA102890-0217,LA083190-0096,FT922-7694,LA031890-0247,LA022790-0095,FT932-5977,FBIS4-1842,FBIS4-2047,FBIS4-35240,LA122990-0105,LA051890-0012,LA070489-0098,LA090590-0016,FBIS3-42748,FBIS4-51024,FR940413-2-00079,FT933-13071,LA022290-0019,FBIS4-32499,LA042290-0062,FBIS4-68661,LA063089-0051,LA021989-0195,FBIS3-40842,LA030389-0137,FBIS4-46771,LA122489-0028,FT921-4829,FBIS3-20853,LA111989-0214,LA082390-0190,FBIS4-44526,LA120990-0161,FT923-6855,FBIS3-9071,LA103089-0093,FBIS4-61906,FT924-14336,LA072990-0233,LA102289-0174,FBIS4-20408,FT931-8135,FBIS4-66488,LA041389-0176,FT942-12197,FBIS4-44812,FBIS4-2771,FT932-7534,LA080590-0122,FBIS4-46833,LA120489-0098,LA070590-0216,FBIS3-29121,FBIS4-66220,LA020290-0076,FBIS4-49693,FBIS4-66842,FT921-11532,LA100989-0066,FR941130-2-00108,LA102890-0046,FR941025-0-00046,FBIS4-55829,FBIS3-5111,LA102189-0093,LA102990-0094,FT943-12533,FBIS4-31681,FBIS4-13877,FBIS4-29123,FBIS4-61723,FBIS3-53997,FT922-1758,FBIS4-68531,LA051690-0070,LA021290-0037,LA072990-0023,LA072990-0169,FBIS3-42964,FBIS3-19397,FBIS3-16083,FBIS4-65149,FT942-10729,FBIS3-40111,LA110989-0243,FT942-4485,FBIS4-68425,FBIS4-47623,FR940506-0-00016,LA112590-0003,LA011289-0156,LA031789-0147,FBIS3-52153,FT934-12114,LA080389-0032,FBIS4-35534,FBIS4-20375,FBIS3-43083,FBIS4-22390,LA112589-0139,FBIS3-24074,FBIS4-25951,FBIS3-18328,FT923-14959,FBIS4-12720,LA032590-0112,LA012589-0077,FT932-5074,LA122690-0075,FT931-9389,LA081690-0049,FR940405-1-00041,LA022189-0072,LA082289-0012,LA052889-0058,LA011090-0042,FT923-4926,LA081489-0086,FBIS4-68747,FBIS4-44520,LA100790-0037,FR940725-2-00141,FR940610-0-00118,FT942-8125,FR940627-2-00087,FBIS4-55652,LA012689-0203,LA122590-0065,LA051390-0221,FBIS3-32509,FBIS3-21480,LA011589-0212,FT931-3669,FBIS3-40500,LA102190-0210,FR941207-1-00062,FR940412-2-00023,FT941-17644,FT924-4150,FBIS4-14860,LA120389-0067,FT933-7393,LA120990-0192,FBIS4-22262,FBIS3-23897,LA021190-0165,FBIS3-46911,FBIS3-14159,LA071089-0064,LA123089-0139,LA111890-0084,LA060490-0117,FBIS4-66308,FBIS3-14449,FBIS3-24360,LA032689-0045,FBIS3-7549,FBIS3-21509,FT944-15887,FT922-12513,LA092989-0099,LA040289-0107,FBIS3-60336,FBIS3-9659,FT944-3747,LA082890-0084,LA022390-0089,LA032789-0082,LA102589-0087,FBIS4-26681,FT923-11602,FBIS4-26598,FT921-9798,FBIS4-66752,LA071290-0117,LA031989-0080,LA012289-0145,FR940527-1-00154,FBIS3-61176,LA100390-0119,FBIS4-46856,FBIS3-14761,FR941117-0-00118,FBIS4-66187,LA102890-0156,FT944-6754,FBIS4-56970,FBIS4-22539,LA112290-0058,FBIS3-14631,FBIS4-45120,FBIS4-22147,FBIS4-36600,LA091090-0044,FBIS4-49082,FBIS4-54559,FBIS3-39903,LA090590-0042,LA090489-0037,FBIS4-20690,LA072789-0159,FBIS4-40711,FBIS3-10068,FBIS3-46801,FBIS3-42428,FBIS4-67533,LA120389-0063,FR940404-1-00037,FBIS3-55037,FT941-14878,LA011090-0094,LA122690-0020,LA111190-0175,FBIS3-40214,LA111289-0054,FBIS4-50680,FT922-14248,FR940214-2-00061,FBIS4-47852,FR940526-1-00002,FT944-15689,FT924-9662,LA110990-0089,FBIS3-42805,LA070689-0062,FBIS4-59939,LA020589-0131,FT923-2911,FR940318-0-00008,FT941-12771,FBIS4-27929,FBIS3-41235,FT924-8874,LA040190-0005,LA012689-0133,FBIS4-20614,LA100889-0190,FBIS4-46867,FT944-18816,FBIS4-33402,FR940525-0-00017,FT923-11970,LA100689-0052,FBIS3-29428,FBIS3-59566,LA100790-0221,FT922-2885,FBIS3-40527,FBIS4-49350,LA112190-0016,LA031989-0194,FBIS4-51893,LA072389-0096,LA022290-0034,FR940126-2-00049,FBIS3-61006,LA032990-0077,LA061190-0040,FBIS4-31632,FBIS4-22858,LA121789-0166,LA122490-0039,FT941-6960,LA101689-0080,FBIS4-46963,FBIS3-34286,FT922-2124,LA123189-0108,FT943-8463,LA032089-0044,FBIS3-9009,LA050390-0216,FT941-8255,LA081089-0075,LA050790-0036,LA041190-0053,FBIS4-66618,LA082390-0185,FT923-8597,LA071390-0038,FBIS4-47156,FBIS4-46469,LA070189-0070,FR941013-0-00034,FT923-14148,FBIS4-19354,LA092689-0104,FBIS3-46907,FBIS4-39241,FBIS4-66863,FT942-4107,LA022889-0085,LA060689-0057,FT921-7732,FR941128-1-00042,FBIS3-43002,FT922-7823,LA031989-0003,LA081990-0251,FBIS3-7551,FBIS4-25604,LA112690-0003,FBIS3-53263,LA040189-0103,LA021389-0050,FBIS3-32988,FT933-5053,FBIS4-46684,FBIS4-25524,FBIS3-34202,LA030990-0181,LA030590-0078,LA070890-0197,FBIS4-20704,FBIS4-46752,FT924-54,FBIS3-24035,FBIS4-60370,FBIS3-23525,FBIS3-61094,FBIS4-44504,FT933-916,FT944-18647,LA072990-0180,FBIS4-46730,LA051490-0051,FT941-6835,FR940719-2-00089,LA092390-0072,LA101689-0039,FBIS4-24829,FT933-5236,FT923-12171,FR940616-0-00015,FT924-13045,FT944-5123,FT934-62,FBIS4-66196,FBIS3-57056,FBIS4-58041,FT923-11675,LA110490-0260,LA031290-0049,FT931-4278,FBIS4-43034,FBIS3-40542,FBIS4-13061,LA122290-0096,FT923-11311,LA091690-0178,FT934-10056,FBIS4-46768,FBIS4-64597,LA050190-0198,FT943-3817,FBIS4-30054,FR941216-0-00074,LA122289-0082,LA010190-0019,FBIS3-43125,FR940711-0-00072,FBIS4-22788,FBIS3-40216,FBIS4-46465,LA071989-0026,FBIS4-6696,FBIS4-46920,LA020589-0232,FT924-4942,FBIS4-38863,LA051390-0141,FBIS3-24647,FBIS3-18289,FBIS4-6179,LA040190-0126,FT931-15526,LA041689-0061,FBIS4-22946,FBIS3-23624,LA122089-0052,FBIS3-59820,FBIS4-17157,LA013089-0040,FT932-6067,LA052089-0064,FR940304-1-00041,LA061989-0010,FBIS3-40247,FBIS3-23270,FBIS3-40195,FBIS4-22856,FT932-10358,FBIS3-13925,LA031890-0047,LA110990-0194,LA122589-0099,FT932-15561,FT931-5088,FBIS4-46868,FBIS3-42621,LA060489-0164,FBIS3-1771,FT924-1404,FT933-4220,FR940429-2-00117,FBIS4-53541,FBIS4-47008,FBIS4-25685,FT944-499,LA020190-0092,LA050789-0027,FBIS3-12004,LA071889-0047,FBIS3-6628,FR940111-0-00018,LA050690-0100,FBIS4-52694,FR940719-1-00033,FBIS4-38489,FBIS3-41586,FR940620-0-00169,FBIS3-46350,FBIS4-54625,FBIS4-30101,FT921-7237,FBIS4-4437,FBIS3-26946,LA122489-0190,LA052189-0063,FR940803-1-00036,FBIS3-29035,FR940707-2-00061,FBIS4-20311,LA040190-0194,FBIS3-61154,LA111289-0016,FBIS4-31686,FBIS4-18931,FT923-9268,LA041689-0223,FR941021-2-00024,LA112290-0080,LA091690-0207,FT944-6217,LA060190-0149,FBIS4-22773,LA102190-0231,LA042389-0005,FT933-9140,FBIS3-8542,FBIS4-59021,FBIS4-68662,FBIS3-61115,FBIS3-20481,LA050289-0073,FT943-6709,FT932-6015,LA022590-0077,FBIS3-13963,FBIS4-68843,FBIS3-28626,LA041390-0137,FBIS4-34630,FBIS3-20575,LA010190-0086,LA102289-0155,LA093090-0039,FBIS3-59455,LA011890-0033,LA120289-0114,LA120789-0002,LA123189-0033,FBIS4-1072,FT934-14198,FBIS3-2815,LA041590-0214,FT932-13191,FT911-1831,FBIS4-51664,LA071290-0003,LA082589-0067,LA022190-0141,FR940810-1-00011,LA040390-0107,FT922-1867,LA020589-0218,FBIS3-40552,FBIS4-68519,LA022590-0231,LA070389-0049,LA122890-0079,LA120389-0059,LA020289-0127,FT921-2837,LA121789-0164,LA011490-0166,LA030389-0073,FT924-4376,LA061589-0186,LA100289-0069,LA081290-0179,FBIS4-24012,FBIS3-40194,LA060390-0065,LA100589-0069,FBIS4-44350,FBIS4-28362,FBIS3-20658,LA010889-0062,FBIS3-20415,FT922-4205,FT933-9069,FBIS3-26484,FT921-2002,FBIS3-42554,LA082789-0057,LA010289-0078,LA061189-0085,FBIS4-22524,LA072989-0067,LA090290-0188,LA041389-0025,FT931-3069,LA040590-0149,FR940527-1-00151,LA121690-0094,FBIS3-44992,LA110490-0041,FBIS3-1945,FBIS4-11481,LA032590-0137,FBIS3-39353,FBIS4-43714,FBIS3-23956,LA013089-0095,FBIS3-40096,FR941003-1-00060,FT922-3067,LA090290-0218,FT944-9163,LA040890-0148,FBIS3-40684,LA031890-0184,FBIS4-65094,LA082789-0137,FBIS4-20634,LA062690-0111,FBIS3-23837,FBIS4-20723,LA051390-0224,FBIS4-22216,LA062790-0044,FBIS3-5151,FBIS3-43213,FR940803-2-00081,FBIS4-25261,FBIS4-20424,LA102689-0174,LA080689-0105,FT923-554,LA021289-0082,LA061889-0180,FBIS4-46780,FT932-3035,FBIS4-1628,FT922-1871,FT941-16519,FBIS4-66908,FT911-351,FBIS4-20621,LA061889-0209,FR940527-1-00180,FR940111-0-00072,FBIS4-45068,FBIS4-27378,LA032689-0040,FBIS3-23983,LA101390-0084,LA030289-0120,LA100790-0229,FR941122-2-00088,FT941-5116,LA040389-0024,FBIS3-42836,FT932-533,FT922-5470,FT942-7773,FBIS3-21005,FBIS4-31256,LA120290-0047,FBIS4-66205,FBIS4-57549,FT934-7748,FBIS4-52777,LA021890-0216,LA080690-0003,LA031190-0183,FBIS3-44539,LA122290-0076,FR940602-0-00030,FR941216-2-00090,FBIS4-66158,FBIS4-55558,FT922-8857,FT923-9105,LA040989-0215,LA113089-0056,FT941-16644,FR940414-0-00035,LA082889-0070,LA102290-0073,LA112590-0034,FT921-14099,LA020889-0127,LA061790-0237,FBIS3-18716,FT934-1509,LA031990-0075,FT933-13826,FBIS3-42747,LA112690-0079,FBIS4-66677,LA041590-0168,LA050790-0104,FBIS4-20561,LA030790-0046,FBIS3-43117,FBIS3-26914,FBIS3-4207,FBIS3-45530,FBIS4-25452,FBIS4-44570,FBIS3-2516,LA022590-0203,LA091690-0206,LA032990-0123,LA052090-0099,FBIS4-62092,LA091489-0183,LA031089-0106,LA110190-0203,LA021889-0147,FBIS4-11055,FBIS3-1752,LA080689-0167,FR940602-2-00116,LA112590-0156,FT921-11736,LA090589-0092,FT922-7289,LA041290-0176,FBIS3-45996,FBIS4-11710,FBIS4-64750,FBIS3-46382,FBIS3-36894,LA090290-0152,FR941102-1-00048,FR940106-2-00137,LA122690-0029,FT921-5891,FBIS4-32875,FBIS4-34471,FBIS4-55516,LA022190-0017,FBIS3-28911,LA010590-0159,FBIS3-8029,FBIS4-26963,LA021789-0136,LA030490-0091,FBIS4-45007,FBIS4-46459,LA100290-0174,FBIS4-37349,LA010189-0088,LA091690-0154,FR941107-2-00052,FBIS3-28311,FT934-3814,FBIS4-22690,LA101589-0189,FBIS4-13291,FBIS3-42886,FBIS3-20508,LA080889-0111,LA022389-0137,FT922-4220,FBIS4-20618,FBIS3-40328,FBIS3-50724,FT923-6617,FR940630-0-00071,LA062190-0207,FR940203-1-00035,FBIS3-13972,FT923-3248,LA052889-0179,FBIS4-20800,FT911-2118,LA022389-0208,FBIS4-66515,LA052090-0091,LA081389-0149,FBIS3-59487,FR940222-2-00014,LA120990-0182,LA070789-0087,FBIS4-47255,FBIS4-41912,FT933-4374,FBIS3-10342,LA032689-0114,FBIS3-36336,LA022590-0055,FBIS3-23514,FBIS3-25966,FBIS4-16348,FBIS3-12667,LA122989-0140,FBIS4-11451,FBIS4-39376,FBIS3-24135,LA072690-0254,FR941207-1-00035,FBIS4-57415,FBIS4-53181,FBIS4-22235,FBIS3-23567,FT944-11249,LA052889-0125,FBIS4-22638,FBIS4-20841,LA022689-0219,LA070190-0203,FT934-16980,FT931-8120,FBIS3-26150,FR941102-0-00059,FBIS3-61010,FT944-4232,FT944-512,FR941107-2-00067,FBIS3-56549,LA040890-0125,FT942-5246,FBIS4-59804,LA052190-0063,LA071089-0054,FBIS4-22779,LA070989-0112,FBIS4-21061,FBIS3-20423,LA123189-0051,FT934-5058,FT934-14283,FR940919-2-00067,FBIS4-22557,FBIS4-61035,LA041289-0050,FBIS4-44511,LA090689-0101,FBIS3-42812,FBIS4-22775,FBIS4-20676,FBIS3-24301,FBIS4-50042,FBIS4-26581,LA091890-0153,LA113089-0055,LA051990-0155,FBIS3-46847,FT941-17626,FT931-13308,FT931-3052,FBIS3-26913,LA120590-0113,FBIS4-68481,FBIS3-42965,LA071689-0004,FBIS3-44703,FBIS4-64275,LA120890-0108,LA052889-0008,LA090689-0104,FR941207-1-00037,FBIS3-21309,FBIS4-44433,LA020890-0216,FBIS4-65598,LA012689-0156,FBIS3-28284,FR940314-1-00040,LA030890-0003,FT934-1386,FBIS4-52358,LA081290-0196,LA040590-0199,FBIS3-48295,FT924-1956,FBIS4-22768,LA090589-0080,LA100189-0124,FBIS4-23114,FBIS3-42394,LA040789-0034,LA091489-0029,FBIS3-61107,LA070389-0065,FBIS3-1849,LA101290-0114,FT924-9927,LA090390-0103,FBIS3-20764,FR940922-2-00078,FBIS3-61378,LA100889-0136,FT942-16499,FBIS3-12669,FBIS3-54518,FT932-5565,FBIS3-61179,FBIS4-57233,FBIS3-15218,FR940318-0-00211,FBIS4-12797,FBIS3-61199,LA053090-0141,FBIS4-47110,FBIS3-28282,FBIS3-2324,LA051890-0176,FBIS3-14064,FBIS4-54651,LA061090-0244,LA100889-0021,FBIS4-25359,FBIS4-9095,FBIS3-19320,FBIS3-52105,LA040190-0217,FBIS3-24739,FR941012-0-00031,LA020589-0231,FBIS4-17,LA043089-0005,LA090989-0074,FBIS3-43132,FBIS4-35896,FBIS3-59268,FBIS4-45142,FBIS4-925,FBIS3-52573,LA080990-0078,FBIS3-6936,LA112089-0024,FBIS3-50447,FBIS3-24038,FBIS3-30836,FBIS3-42440,FR940816-0-00019,LA070590-0008,FT923-12010,FT944-12679,FBIS4-47207,FBIS4-34721,LA030289-0054,FR940318-0-00209,FBIS3-42736,FBIS4-47212,FBIS3-60361,LA090990-0126,LA020490-0183,LA090290-0220,LA090690-0133,FBIS4-20682,FBIS4-16568,FBIS3-20780,LA010790-0049,FBIS4-63670,FBIS3-48695,FT932-1044,FBIS4-4063,FT933-8358,FBIS3-61208,LA092289-0127,FBIS3-46629,LA050690-0023,LA111289-0013,FT932-17412,FT921-3470,LA021190-0201,LA102190-0214,LA011389-0140,FBIS3-19759,FT932-14959,FR940811-2-00023,FBIS3-42563,LA060890-0069,FR940817-2-00085,FBIS3-18740,FR940720-2-00035,FBIS3-50459,FBIS3-61084,LA012890-0063,FBIS3-24144,LA092289-0088,FBIS3-42873,FT942-863,FT933-12091,FBIS3-22831,FBIS3-34474,FBIS3-45645,FR941028-2-00176,FT924-8669,FBIS4-8650,LA090290-0064,LA031390-0004,LA072589-0109,LA021989-0004,LA020390-0103,LA072389-0038,FT923-14618,FBIS3-24000,FBIS4-64192,LA072389-0207,LA093090-0216,FT932-2218,FBIS4-48315,FT921-13979,LA042490-0146,LA122689-0013,FBIS4-28013,FBIS3-54937,FBIS3-61202,FT924-2400,FT924-4269,FBIS4-55313,FBIS3-37387,FBIS3-20519,FBIS4-66279,FBIS3-31314,FT922-11449,LA050989-0094,FBIS4-9678,LA022290-0245,FBIS4-22983,LA031689-0191,FBIS3-30363,FBIS3-17708,FT932-11039,FBIS4-7852,LA061790-0236,FBIS4-64917,LA122689-0021,LA042790-0204,LA022189-0014,LA110589-0047,FBIS4-31676,FBIS3-44706,FBIS4-46482,LA051390-0223,FT922-12979,LA070190-0236,FT911-3503,LA020589-0062,FBIS4-46554,LA042089-0186,LA071790-0026,LA052190-0111,FBIS3-8249,FBIS4-20565,FBIS4-2439,LA101490-0196,FBIS3-41666,FBIS4-68633,FBIS4-46831,FBIS3-24250,FT924-12167,FBIS3-20676,FT922-489,FBIS4-22675,FBIS4-46846,FBIS3-20183,LA082790-0038,LA041890-0074,FT924-11658,FBIS3-24262,FBIS4-22504,FT934-7124,FT924-16001,FBIS4-60237,FR940928-1-00051,LA091790-0095,FT911-5232,LA072189-0093,FBIS3-47044,FBIS3-5778,FBIS3-51776,FT941-17647,LA122790-0082,FBIS4-44443,LA021190-0169,FR940713-2-00045,FBIS4-46500,FR940318-0-00208,LA011489-0080,FBIS3-42112,FBIS3-24003,LA121089-0180,LA082690-0204,LA112689-0080,LA081090-0041,FBIS3-56482,LA061090-0242,LA030390-0075,FBIS4-26678,FT941-5517,FT941-14439,FBIS3-52665,FBIS3-14891,FBIS3-39318,FBIS3-22833,FT941-13711,FBIS3-23806,LA011589-0152,FBIS4-66241,LA122490-0019,LA102589-0044,LA110590-0085,FBIS3-1845,LA040189-0114,FBIS3-47270,LA032589-0083,FBIS3-50529,FBIS3-49770,LA102989-0147,FBIS3-42449,LA112090-0153,FBIS4-22223,FR940610-0-00100,FR941102-1-00049,LA051590-0101,LA050690-0148,LA122490-0061,LA102989-0208,FBIS3-11027,LA040489-0077,FBIS3-38141,FBIS3-31363,FT924-2252,FBIS3-23658,LA071589-0132,FBIS4-31601,FT942-6452,LA111890-0142,FBIS3-10431,FT923-10197,FBIS3-4777,FBIS3-26461,LA121390-0053,FBIS3-5210,FT943-3888,FBIS3-45690,LA040190-0218,FBIS4-56384,LA031390-0077,LA081290-0070,LA102390-0104,FBIS4-47173,FT921-13025,FR940610-0-00121,FBIS4-68249,FBIS4-24787,LA082890-0074,FBIS4-40881,LA030689-0029,FBIS3-46961,LA022489-0009,FT933-10207,FBIS3-4316,LA043089-0204,FBIS3-42497,LA072290-0215,FT922-7179,FT932-12944,FT944-5288,FT944-8607,LA020190-0137,LA090489-0086,FR940503-1-00084,LA011890-0219,FBIS3-30042,LA121089-0244,FBIS4-61217,LA060890-0001,FBIS3-59647,FBIS4-66378,LA080789-0042,LA041390-0017,FBIS4-1066,LA081490-0183,FBIS4-16647,FT944-14740,FBIS3-42387,FBIS4-35028,FBIS4-26967,LA112189-0045,FT932-3732,FT934-16929,FBIS4-30558,LA030589-0247,FBIS3-5197,FBIS3-23542,FR940907-2-00118,FBIS4-40028,FT924-9257,FT943-15117,FBIS4-57396,LA091089-0086,FBIS4-11903,FBIS4-20703,FT923-7563,FBIS3-42417,FBIS4-66698,LA051389-0024,FR940127-2-00047,FBIS4-1419,LA121690-0155,FBIS3-61366,FBIS3-23611,FBIS3-40052,FBIS3-41989,FBIS4-66193,FBIS3-22933,LA022590-0027,LA022490-0044,FBIS3-24184,FBIS4-23484,FR940919-0-00029,FBIS3-40606,LA041990-0128,LA022890-0132,FBIS4-61329,LA040890-0110,FT943-11336,FR940817-2-00030,LA070190-0126,LA041590-0126,LA092590-0072,LA061090-0147,FBIS3-41211,FBIS4-18004,LA052790-0046,LA050290-0153,LA121089-0204,FT942-10977,LA061089-0120,FBIS4-55019,FBIS4-48644,FBIS3-61261,LA031790-0147,LA021990-0093,FBIS4-68297,FBIS4-11426,FR940111-0-00022,FBIS3-59774,FBIS4-66474,FBIS3-20567,LA022390-0082,LA020190-0165,LA012590-0015,FBIS4-60049,FBIS3-59724,LA042290-0113,FT921-11868,LA041689-0228,LA012289-0165,FBIS3-34090,FBIS4-10592,LA120690-0075,LA121590-0145,FBIS3-61243,LA061089-0051,FT933-13747,LA041490-0121,LA061889-0038,LA022190-0118,LA022090-0116,FT943-11106,FBIS3-13312,LA091189-0090,FT923-6974,LA022789-0017,LA050590-0111,FBIS3-41758,FBIS3-13228,LA052990-0021,FBIS3-43209,LA112789-0001,FBIS3-61129,FT944-11153,LA100790-0223,FBIS4-11881,LA083189-0150,LA012489-0096,FBIS4-30856,LA051390-0087,FT944-1892,FR941130-2-00103,FT923-881,FBIS4-40915,FBIS3-11499,FBIS4-16775,FBIS4-68221,FBIS3-23423,FT924-11222,FR940817-1-00012,FBIS4-68752,FBIS3-46357,FBIS3-59829,FBIS3-40501,LA030490-0067,FBIS4-46641,FT941-2540,LA083090-0029,FT934-824,LA121390-0155,LA021389-0067,LA111090-0172,FBIS4-18993,LA022089-0011,LA092390-0037,LA112590-0124,LA080589-0132,LA030890-0001,LA053190-0200,FBIS3-27099,FBIS3-20050,LA010289-0064,FT922-460,FBIS3-57689,LA112990-0096,FBIS4-11472,LA111890-0262,LA061089-0088,FT922-12862,FR940630-2-00119,LA021890-0158,LA102990-0067,LA043089-0189,FBIS4-66661,FBIS3-43133,FT942-8106,FBIS4-46468,FBIS4-26541,LA030790-0180,FBIS3-41458,FBIS4-20562,FT934-14652,LA062290-0204,FBIS4-49346,FBIS4-47248,FT921-4035,FBIS3-59382,LA052190-0041,FT944-2058,LA012190-0186,LA051489-0210,FBIS3-35411,FBIS3-60017,FT931-16284,LA022590-0189,LA092390-0244,FBIS4-18662,LA040190-0095,FBIS3-34710,FT923-13549,LA123189-0046,FBIS4-45046,FR940223-2-00040,FBIS3-35304,FBIS4-25955,FT944-18245,FBIS4-50221,LA052090-0098,FBIS4-47004,LA082390-0001,FBIS3-20692,FBIS4-58614,FBIS3-39876,FBIS4-30972,FR940817-1-00065,LA112590-0189,FBIS4-8010,FR940304-2-00060,LA012289-0007,FBIS4-46575,FBIS3-51360,FT923-3543,LA022190-0083,FT922-13388,FBIS3-24147,FBIS3-8765,FBIS4-1500,FBIS3-61548,FBIS3-45196,FR941221-1-00022,LA120389-0053,LA122489-0085,LA062490-0193,LA062890-0259,FT944-18239,LA040590-0007,FBIS3-21265,LA031190-0161,FT924-4860,FBIS3-23807,FBIS4-57447,FR940318-2-00058,FBIS3-42570,FBIS3-61294,FBIS4-46969,LA052490-0167,FBIS3-21268,LA030989-0167,FBIS4-66160,FBIS3-13226,LA122889-0164,LA020989-0223,FBIS4-10417,LA041789-0009,LA070589-0003,FBIS3-26928,FT943-11859,FBIS4-22021,FR940318-0-00238,LA062790-0166,FT942-6410,FBIS3-7944,LA112290-0200,FBIS3-42055,FT923-14839,FBIS3-21266,FT931-6239,FR940202-2-00137,FT941-10989,FBIS3-61359,FBIS3-54726,LA120889-0091,FT932-13261,FBIS4-32418,LA021989-0048,FBIS3-47144,FBIS4-59212,FBIS4-2048,FT942-13409,FBIS3-43602,LA120389-0228,FBIS3-26849,LA080290-0052,LA111989-0121,LA062190-0148,FBIS3-30075,FBIS3-41703,FR940323-2-00068,FT924-12136,FT944-3637,LA091790-0083,FT931-9451,FR940927-0-00095,LA122389-0060,LA112390-0092,LA072990-0018,FT934-531,FBIS4-81,LA041890-0119,FT923-13270,FR940719-1-00039,FT924-7954,FBIS4-34782,LA052790-0241,FBIS4-20400,FBIS4-34621,FBIS3-20682,FBIS3-6096,FBIS4-68751,FR940628-0-00014,FBIS4-44904,FBIS4-22811,LA021190-0210,LA100290-0016,FBIS3-46722,FBIS3-35189,FBIS3-33349,FBIS3-43181,FBIS4-8562,FBIS4-20801,FR940317-2-00043,FBIS3-23033,FBIS3-34032,LA061189-0205,FBIS3-42819,LA102490-0127,LA040989-0121,LA103090-0140,FBIS3-41958,LA111390-0093,FBIS4-68611,FBIS4-66627,FBIS4-47648,FR940825-2-00019,FT922-12121,FBIS3-19699,LA122989-0106,FBIS4-68220,FR940620-0-00069,FBIS3-58882,FT943-16724,FT934-11565,FBIS4-10178,FBIS3-40140,LA091690-0155,FT941-14314,LA021090-0135,LA021290-0066,FBIS4-58420,FT941-10703,FBIS3-57838,LA121390-0156,FR941020-0-00043,LA041689-0131,LA110490-0031,FBIS4-993,FBIS3-42859,LA100189-0083,LA090590-0121,FBIS3-45424,FBIS4-21671,FBIS4-18659,FR941130-0-00069,FBIS3-27581,LA061890-0038,FT923-11059,FBIS3-40502,FT924-11509,FBIS3-27016,LA060489-0052,LA043089-0190,FBIS4-68600,LA121490-0153,FR940812-2-00232,LA050890-0129,LA051689-0100,LA102190-0177,FBIS3-24017,FBIS3-2606,FBIS3-40282,FBIS3-61139,LA112689-0104,FBIS4-22610,FBIS3-24146,FBIS3-24191,FBIS3-2539,LA122189-0171,FT931-12089,FT941-3651,FBIS3-21474,FT923-6970,FBIS4-20121,FBIS3-30834,FT921-1901,LA080789-0077,FT923-45,FR941130-1-00031,FBIS4-8361,LA031389-0043,LA101589-0220,LA102890-0124,FR941117-0-00184,FT924-4982,LA101589-0163,FR941121-2-00054,FBIS3-40333,FR940414-0-00039,FT932-274,FT931-12049,LA070789-0120,FBIS3-53791,FBIS3-10430,FT931-10067,FBIS3-59754,FR940318-0-00220,FBIS3-23764,LA062889-0101,LA051290-0079,FT923-3494,FBIS3-42499,FBIS3-22784,FBIS3-3024,FBIS3-20537,LA101689-0036,FT941-6928,FBIS3-59751,LA072389-0197,FBIS3-59457,FBIS3-41740,FBIS4-18944,LA091490-0148,FBIS3-55423,FBIS4-46499,FBIS3-32403,FBIS4-22756,FBIS3-61253,LA101589-0066,FBIS3-24469,LA061990-0019,FT931-13345,LA030589-0192,FT944-6977,FBIS3-20521,LA081890-0088,LA102289-0171,FBIS3-51623,FBIS3-20468,LA011789-0055,FBIS3-23917,LA113089-0063,FR941026-0-00064,LA051790-0133,FT933-6101,FBIS3-42429,FT924-15469,LA040389-0077,FBIS3-42578,FBIS4-3873,LA082889-0037,LA070190-0169,FBIS4-26428,FBIS4-52844,FBIS4-12932,FBIS4-20396,FBIS4-46612,FBIS4-34759,LA032289-0127,FBIS4-23086,FBIS3-55582,LA102990-0043,LA012890-0075,FT944-17282,LA090790-0149,LA052490-0078,FT921-8007,LA022290-0211,LA081789-0158,FT941-11155,LA101689-0047,LA052690-0103,FR941230-0-00078,FBIS3-31818,FBIS3-3170,FBIS3-21112,LA012989-0137,FBIS3-44315,LA090990-0182,FT941-9766,FT922-4098,FBIS4-47632,LA071090-0123,LA080689-0166,FBIS3-30539,FBIS4-54674,FR940104-0-00036,FT932-12493,LA073090-0140,FT932-10870,FT942-3780,FT924-10420,LA102790-0043,LA070289-0052,FBIS3-24054,FBIS3-46426,FT944-15952,FR940616-0-00078,LA112989-0082,FBIS4-40879,FR940413-2-00083,LA100890-0114,FBIS3-24633,FT921-8847,FT944-17268,FBIS4-54887,FBIS3-24042,FBIS4-51348,FT932-15647,FR941020-2-00056,FT931-7314,FT932-13744,FR940318-0-00093,LA050690-0206,FBIS4-27085,LA100990-0149,LA050289-0085,FBIS3-54211,FR940527-1-00008,FBIS3-17354,FBIS4-17279,FT921-11,FT924-7635,FT943-2400,LA101589-0194,FBIS3-42128,FBIS3-21198,FBIS3-40339,FBIS3-35269,LA090890-0038,FBIS3-49060,FBIS3-47304,LA090690-0071,FBIS3-23510,FBIS3-42869,FBIS4-34847,FBIS3-58461,LA081189-0061,FBIS3-60423,FR940324-2-00020,FBIS4-46596,FBIS3-8350,LA072990-0021,FBIS3-43069,FBIS3-24350,FBIS4-2038,FT924-10150,FBIS4-17546,FBIS3-28295,LA021890-0215,LA020790-0108,LA061790-0234,FBIS4-50081,FT932-13260,FBIS3-6408,LA082789-0058,LA072190-0089,FT922-2927,FBIS3-47699,FBIS4-66195,FBIS3-26391,LA110190-0174,LA013089-0005,LA082089-0005,LA062290-0193,FR940202-1-00055,FT923-11290,FBIS4-29098,LA050390-0162,FBIS4-57274,LA090889-0074,FBIS3-25435,FBIS4-50584,FBIS3-36624,FBIS3-23947,FR940222-0-00026,FBIS3-13988,FT924-1755,FBIS4-46766,FBIS4-13805,LA042089-0105,FBIS3-14772,FBIS4-46746,LA012989-0153,FT931-15746,FT934-1081,LA110589-0095,FBIS3-31121,FT931-12511,LA072989-0066,FBIS3-34818,FBIS3-24430,FBIS4-11520,FR940627-0-00064,LA122689-0076,FBIS3-39305,FBIS4-9156,FBIS3-2721,LA062490-0132,FT932-769,FT933-8507,FBIS3-42727,LA042789-0137,LA071590-0122,FBIS3-59655,LA061790-0235,FBIS4-24810,FBIS4-2249,LA110289-0154,FBIS3-28102,LA042690-0079,FBIS3-40705,FT921-15016,FT944-1260,FBIS3-48,LA093090-0057,FBIS3-37727,FR940610-0-00112,FBIS3-51445,FT942-13390,LA112789-0022,LA021989-0215,FR940527-2-00053,FBIS4-26842,FBIS3-23948,LA032589-0076,LA070290-0074,FBIS3-6447,FT944-11234,FBIS4-7816,LA060690-0051,FT944-8181,FBIS4-9749,FBIS4-22322,LA060390-0102,FBIS4-62980,LA120590-0138,FBIS4-65371,LA122489-0094,FT942-3903,FT922-1654,LA050589-0156,FBIS4-44643,LA052790-0172,FBIS4-8542,LA122189-0122,FBIS3-54521,FBIS3-28278,LA030490-0058,FT921-16231,LA060790-0160,FT942-2269,LA102990-0030,FBIS3-23666,FBIS4-23479,FBIS3-42459,FBIS3-20686,FBIS4-60254,LA052790-0156,FBIS4-46609,FBIS3-43135,LA031190-0057,LA060589-0079,LA070689-0037,FBIS4-66629,FT924-13009,FR940928-1-00023,LA050190-0192,LA041589-0033,FBIS4-44914,LA052090-0066,LA110490-0231,FBIS4-7510,LA041890-0071,FBIS4-47030,FT923-14423,LA111890-0125,LA122689-0115,FR940630-2-00032,FBIS3-21244,FBIS3-8779,FBIS4-65725,FBIS3-23774,FBIS4-32195,FR940128-1-00005,FBIS4-21550,FBIS4-64343,FBIS4-22022,LA042589-0042,LA032689-0183,FBIS4-41370,LA030589-0220,FT934-5365,LA021589-0071,FR940104-1-00050,FBIS4-121,FBIS4-44905,LA110690-0140,LA010689-0099,FBIS4-40116,FBIS3-58412,FBIS3-58293,FBIS3-19319,FT943-12064,FR940919-2-00012,FT944-17879,FR940302-1-00022,FBIS4-25224,FR941107-2-00003,FBIS4-60404,FBIS3-23600,FBIS3-46528,FBIS3-49229,FBIS4-1549,LA020789-0111,LA042990-0183,FBIS4-68504,FBIS4-5262,LA032389-0214,LA090789-0114,FR941019-0-00078,FBIS4-56375,LA122890-0072,FT942-9431,FBIS4-22298,FBIS3-11217,FR941216-0-00063,FBIS4-34046,FBIS4-23106,LA061889-0100,FBIS4-68211,FT934-7662,LA071389-0130,FBIS3-59294,LA101190-0135,FBIS4-20061,FT943-13932,LA010190-0081,FT941-15132,FT921-16300,FBIS3-61057,LA120990-0168,FBIS4-9820,FR940527-1-00162,FT921-3015,FBIS3-7259,LA022090-0107,FBIS4-49822,FBIS3-24423,LA121389-0151,FT941-15276,FT931-16999,FBIS3-28561,FBIS3-15917,FBIS3-2589,FR941130-2-00104,FBIS3-21365,FT942-9391,FR941205-1-00029,FR940114-2-00030,FBIS3-40202,LA080889-0043,LA121789-0233,FBIS3-40553,FT922-15054,LA102290-0023,LA011090-0058,LA071590-0068,LA011489-0004,FBIS4-13302,FBIS3-7580,FBIS3-48290,LA071590-0034,LA120290-0040,LA092490-0093,FT923-5639,FBIS4-18530,LA090789-0011,LA122390-0160,LA091689-0108,FT922-1358,FBIS3-14704,LA021890-0140,FBIS3-12421,FT942-7864,FT923-3954,LA050790-0133,FBIS3-60059,LA012989-0121,FT921-9301,FBIS4-66203,LA010189-0071,FBIS4-66688,FR941116-0-00016,LA110490-0083,LA082189-0001,FBIS3-61007,FT922-3193,FT932-7368,FT924-386,FBIS4-66270,FBIS4-4046,FT923-10642,FR940526-2-00120,FBIS4-2037,LA072389-0049,LA122289-0103,FBIS4-46539,LA021190-0141,LA071990-0087,FBIS3-7419,FT941-6527,FBIS3-26656,FBIS4-44602,FBIS3-30754,FBIS4-47016,LA052490-0166,LA050789-0200,FT941-8955,FBIS3-7650,FR941003-1-00026,FBIS3-43203,FBIS4-44076,LA051489-0062,FBIS3-5392,LA041689-0176,FBIS4-9741,LA040390-0009,FT941-17707,FBIS3-26929,FR940119-0-00033,FBIS3-61096,LA110890-0269,FT941-16606,FT923-4689,LA030289-0117,FBIS3-4488,FBIS4-27615,FT931-4273,FT923-2698,LA103190-0153,LA022089-0093,LA020990-0072,FBIS4-37770,FBIS4-36780,FT944-18748,LA042990-0194,FBIS3-59292,FBIS3-61404,LA090290-0191,FBIS3-39654,FT924-7711,FBIS3-59322,FT944-18515,LA070190-0234,LA121790-0086,LA101289-0179,FBIS4-6561,FBIS4-20563,FBIS3-52,FBIS3-43172,FBIS3-42624,FR940414-0-00037,LA060790-0100,FT922-11612,FBIS3-50136,LA110890-0225,FBIS4-46470,FBIS3-58827,LA052990-0118,FBIS3-36931,FBIS4-40438,FBIS3-24636,FBIS3-42661,FBIS3-24121,FBIS3-19904,FBIS3-20538,FBIS4-23102,FBIS3-30431,FT922-3461,FBIS3-41478,LA111689-0224,LA121289-0086,FBIS3-16824,FBIS4-11145,LA120490-0151,FBIS3-14665,LA010990-0001,LA081390-0107,LA081590-0023,FBIS4-68777,FT941-13104,FBIS3-1572,FBIS4-44468,FBIS4-7743,FT932-15440,LA012190-0086,LA082789-0132,FT931-15076,FR940214-1-00036,FBIS4-46714,FBIS4-33203,LA040489-0076,LA043089-0203,FBIS4-66245,LA090290-0151,FBIS3-6547,FT924-3751,FBIS3-42689,FBIS3-39491,FBIS4-31148,FR940719-2-00139,LA112590-0202,FBIS4-22577,LA111090-0131,LA050690-0212,LA082690-0231,FBIS3-20542,FBIS4-24143,FR940713-0-00029,FBIS4-46568,LA040990-0024,FBIS3-59881,LA040890-0128,FBIS3-31619,FT943-5954,FBIS4-51062,FBIS4-41810,FT924-6750,FBIS3-42856,FT933-2994,LA092390-0185,FT934-13106,FBIS3-46596,LA120389-0135,LA092589-0066,FBIS3-51309,FBIS3-53510,LA011190-0148,FT942-17339,FBIS3-22830,FBIS4-59647,LA052889-0056,LA022590-0064,FBIS4-12971,LA052090-0127,FT922-11163,FT942-15105,LA011789-0081,LA060489-0055,FBIS4-26754,FBIS4-68356,LA062489-0042,LA072489-0071,FBIS4-31391,FBIS4-2053,FT934-5047,FBIS3-59284,FBIS3-24433,LA091390-0020,FBIS4-20319,LA040890-0114,FT924-461,FBIS3-10229,LA111289-0053,FBIS4-53370,LA041990-0066,LA060589-0054,FBIS4-60252,LA102889-0054,LA043089-0088,FR940214-2-00066,FT934-12986,FBIS4-55326,FR941117-2-00158,FBIS3-45496,LA070590-0053,FBIS4-38005,FT931-10081,FBIS4-10668,FBIS4-19125,LA031289-0239,FBIS4-53594,FBIS3-43268,LA070989-0136,FT941-12039,FBIS4-56385,FBIS4-28719,LA082589-0079,LA041689-0225,FBIS4-30416,FT932-2179,LA061090-0243,FBIS3-46832,FT923-14523,FBIS3-61079,FBIS4-26398,LA101689-0037,FT943-16594,FBIS3-55660,FBIS3-39365,LA031289-0190,FBIS4-66587,LA091190-0124,LA041990-0259,LA061889-0086,FBIS4-56569,FBIS4-46897,FT911-4087,LA031190-0155,LA072990-0081,FBIS4-33063,LA051090-0161,LA041990-0068,LA032089-0012,LA031790-0128,FBIS3-21245,FBIS4-44500,LA112590-0096,LA101289-0101,FR941206-0-00071,FBIS4-13281,FBIS4-20742,FBIS4-47512,LA020989-0178,FT923-1772,LA092489-0079,LA031090-0109,FBIS3-24304,LA062490-0136,FBIS4-1213,LA071589-0119,FBIS4-59904,FBIS3-3490,FBIS3-40091,LA081490-0147,LA052990-0096,LA022590-0186,FBIS3-59418,FBIS3-40545,FT911-1617,FBIS3-59640,FT923-8709,FBIS3-15151,FR940224-0-00072,FBIS4-19062,FT944-12848,LA090690-0193,FBIS3-61543,LA052889-0176,FBIS4-21565,FBIS4-44865,LA072089-0092,FT911-4103,LA020189-0132,FBIS4-2050,FT932-1693,FBIS4-24942,LA021890-0173,FBIS4-20688,LA081990-0249,FBIS3-28150,LA032290-0178,LA082089-0084,FBIS4-10627,FT923-1804,LA071689-0207,FBIS4-66275,FBIS4-25841,FBIS4-41215,FT944-1867,LA021890-0162,LA012789-0011,LA121790-0096,FBIS3-46879,FBIS3-1272,LA050790-0007,FBIS4-68749,FBIS3-59398,LA042990-0249,FBIS4-47244,LA022590-0185,FBIS4-33562,FBIS3-3289,LA091089-0202,FBIS3-48281,FBIS4-6972,LA092689-0091,LA080990-0094,LA040990-0147,FT933-14995,LA072490-0075,FBIS3-20773,LA040190-0044,FT944-18772,LA032790-0127,FT922-3046,FBIS4-48535,FBIS3-42656,FBIS4-11284,FBIS4-11671,FT932-2208,LA081990-0064,FBIS4-66550,FBIS4-34081,FR940203-0-00050,FT943-7765,LA061289-0024,FBIS4-46744,FT924-7012,LA040890-0214,LA012890-0137,LA030690-0118,LA030190-0253,LA052989-0014,FBIS4-66761,FT923-14465,FBIS3-23084,FBIS3-21408,FT941-5510,LA071790-0187,FBIS3-23922,FBIS4-46562,FBIS4-68346,FBIS3-14145,LA052189-0008,FBIS4-67744,LA061090-0154,LA042189-0139,FR940817-1-00010,LA102690-0136,FBIS3-61353,FT924-3800,FR941212-0-00122,FBIS3-47363,LA021190-0140,FR940127-1-00025,FT932-14007,FT941-13942,FBIS4-2699,FBIS3-24354,FBIS3-50564,LA092790-0077,LA051990-0033,LA081389-0045,FBIS3-36527,FBIS3-56544,LA080789-0078,LA111989-0122,FBIS4-31216,FBIS4-22710,LA042290-0216,FBIS4-2511,FBIS4-68287,FBIS3-23830,FBIS4-1863,FBIS3-60340,LA120990-0205,LA031989-0049,LA111190-0237,FBIS3-26239,FBIS4-61403,LA071390-0148,FBIS3-32085,FBIS4-46721,FBIS3-59275,FBIS3-61231,FBIS3-49224,FBIS3-57849,FBIS4-42633,FBIS4-47642,LA112290-0010,LA061189-0078,LA110490-0084,FBIS4-36230,FBIS4-46970,LA052189-0170,FBIS4-7842,FT922-5350,LA072290-0141,FT943-10096,FBIS4-65077,FT921-13774,FT933-3603,FBIS4-19278,LA120689-0027,FT921-8017,FT934-17084,LA082789-0080,LA072690-0172,LA031390-0065,LA021190-0047,FBIS3-15405,LA052090-0243,FBIS4-44407,FBIS4-5763,FBIS4-65471,FR941130-2-00105,FBIS4-14054,FBIS4-6919,FBIS4-31159,FR940128-0-00034,LA121290-0137,LA050890-0126,LA032590-0111,FBIS3-42988,FBIS3-20491,FR940224-0-00058,FBIS3-5005,LA091089-0074,LA072789-0153,FBIS4-9663,FBIS4-42681,FBIS4-68647,FBIS4-36536,FT921-16219,LA022590-0204,FT934-7150,LA100189-0059,FBIS3-46918,LA100189-0067,LA043089-0244,LA102890-0212,FBIS3-2295,FBIS4-68580,FT924-6493,LA110189-0084,FBIS3-21269,FBIS4-53,LA052490-0070,FT941-1068,FBIS3-15267,LA091089-0203,LA072789-0154,LA112089-0036,FBIS4-15276,LA082690-0232,FBIS3-7704,FBIS4-46576,FT923-804,FT933-8544,FR940825-1-00028,LA011290-0168,FBIS3-21751,FT941-8372,FBIS3-54464,LA042990-0193,LA040390-0158,LA050889-0060,LA111790-0121,LA032990-0125,LA083090-0150,FR940805-0-00048,FR940524-1-00033,LA101489-0135,FT924-9032,LA072890-0143,LA042690-0126,FR940921-2-00075,LA110490-0201,FBIS4-16049,LA011189-0085,LA031590-0098,FT921-12362,FBIS3-3924,FR940721-2-00049,LA090389-0070,LA052990-0110,FBIS4-2458,LA012790-0053,FBIS3-47886,FR940406-2-00087,LA121090-0096,FBIS4-52687,LA071590-0075,FT924-13041,FBIS3-40578,LA061589-0154,LA071590-0115,LA112590-0188,FBIS3-23574,LA051189-0036,FBIS4-20391,LA091790-0047,FBIS3-22230,FBIS3-42906,FBIS3-14158,FBIS3-1916,FBIS4-41171,FT943-13644,FR940719-0-00039,FBIS4-20376,FBIS4-44405,LA091590-0043,FT924-13658,LA062589-0192,LA042089-0126,FBIS4-2869,FBIS4-68863,FBIS3-24338,LA123189-0026,LA021290-0068,FBIS4-47126,FT941-12876,FT923-10094,FBIS4-37225,FT921-11276,FBIS4-68853,FBIS4-4293,LA122389-0090,FBIS4-47009,FBIS4-26515,FBIS3-32113,FBIS4-38452,FBIS3-46291,LA082089-0203,FBIS4-46997,FT934-16898,FT941-5375,LA070989-0064,LA071689-0162,FBIS3-20446,FBIS4-20351,FT944-4489,LA011589-0153,FR940505-2-00034,LA062589-0123,FT933-5754,FBIS3-27042,FT941-13498,LA032990-0206,FBIS3-30258,LA102389-0068,LA022190-0106,FBIS4-20383,LA010689-0025,FR941122-2-00131,LA101490-0062,FBIS4-58080"
scidocs,EleutherAI/gpt-j-6B,2048,25657,25626,0.12,175.14,106.52,228.12,2 (ID: e2d634ee9e9abaca804b69af69a40cf00897b2d0),4.0,1675 (ID: 55b9587b8557f17ceec341a9310f89fa39f62330),2047.0,31,"e340a9b752f9b358cda4dc7a1c6e3c6280867158,551558995669a43113c85b638a89adb5775cc2ce,cb0618d4566b71ec0ea928d35899745fe36d501d,1eff385c88fd1fdd1c03fd3fb573de2530b73f99,71c0698edd0cf489cd837c91ad22bbf51643bf6c,46fb7520f6ce62ceed1fdf85154f719607209db1,f475fbdf3667da6893e2c0fef62452519af9dfec,7bbf34f4766a424d8fa934f5d1bda580e9ae814c,deaa9cb1aa00bd008e09ca23a5393a0df4fb7766,a761f26f8239acd88fc83787f28a7f2d2ff9ea22,a2c145dbb30c942f136b2525a0132bf72d51b0c2,35c867252b0a105339acced5cdde4d2b9fb49b54,6d8984600e3cd9ae9d6b803f43f2410fa5c0ad0b,4decf38323c8311fbbe50cb309e242bee671418a,694064760c02d2748ecda38151a25fe2b1ff6870,8fd1d13e18c5ef8b57296adab6543cb810c36d81,6247c0acba0dd88204a0d8d23b89a293f9d58e20,b1059d25d092e0e872a1d2db01b24c73eb869ad9,e6a4afd84109b6af4a10c2f9b2b888b446b79e98,1db22351639f5cb43b227d456567e15560fec07a,9c4c7d60cd883e0bf85dd9eaccc8ed49b481ba77,02485a373142312c354b79552b3d326913eaf86d,44799559a1067e06b5a6bf052f8f10637707928f,9b24079b0ccf491919f5b39c0a280d37c4f37a8f,e50d15d7d5a7435d709757fa29da1a752e977d3c,423be52973dab29c31a845ea54c9050aba0d650a,30f79f6193580a2afc1a495dd6046ac8a74b4714,08f991c35f2b3d67cfe219f19e4e791b049f398d,61c1fd5ca7d775edc54ade31f562f893fcafcbfb,7d3eb4456b16c41c56490dcddc3bee3ac700662b,76bb26087807bf29932a0a8a3b53f7d381be17a9"
scifact,EleutherAI/gpt-j-6B,2048,5183,5183,0.0,205.02,61.61,311.71,33 (ID: 33989422),64.0,693 (ID: 86217760),830.0,0,None
signal,EleutherAI/gpt-j-6B,2048,100000,100000,0.0,14.07,5.34,23.06,1 (ID: 643428289948856320),1.0,32 (ID: 639194593251098624),70.0,0,None
trec-covid,EleutherAI/gpt-j-6B,2048,100000,99986,0.01,160.81,116.58,238.98,1 (ID: nqztn30k),2.0,1168 (ID: v45cb2xq),2032.0,14,"1vimqhdp,t1gxo4mw,yn7pu9i8,t473tbm9,mmddnj5v,fi5s2yli,jkvr9lq2,rff3ikak,pd1g119c,vslevssr,vr7vm64u,uumzl37q,0prx11md,84hh0mg9"
trec-news,EleutherAI/gpt-j-6B,2048,100000,100000,0.0,282.87,89.32,378.14,1 (ID: 5f8d2f390dc79f26be9aafd635b35018),1.0,440 (ID: 76f2ba82-4c43-11e6-a7d8-13d06b37f256),1157.0,0,None
webis-touche2020,EleutherAI/gpt-j-6B,2048,100000,99212,0.79,281.42,360.5,352.15,2 (ID: 66420987-2019-04-18T14:56:35Z-00001-000),2.0,1799 (ID: e36787a2-2019-04-18T11:52:25Z-00005-000),2048.0,788,"857687d5-2019-04-18T16:09:04Z-00001-000,e8b34212-2019-04-18T16:01:11Z-00000-000,5dd5d487-2019-04-18T12:35:34Z-00001-000,e935d547-2019-04-18T15:05:45Z-00002-000,261f5bd3-2019-04-18T17:05:49Z-00007-000,1c130c32-2019-04-18T12:07:58Z-00002-000,7709ceb3-2019-04-18T17:07:26Z-00001-000,1084ea96-2019-04-18T14:26:19Z-00003-000,bbb76a3c-2019-04-18T15:39:47Z-00003-000,8c9c8ab8-2019-04-18T14:47:14Z-00005-000,f87768f8-2019-04-18T15:03:57Z-00004-000,7c7428c5-2019-04-18T15:19:20Z-00004-000,e425508a-2019-04-18T16:41:41Z-00003-000,5edd8bbd-2019-04-18T12:52:01Z-00000-000,68a89459-2019-04-18T16:40:39Z-00004-000,6de4c01-2019-04-18T11:36:02Z-00005-000,7f45745a-2019-04-18T11:53:15Z-00001-000,fdd95a28-2019-04-18T15:29:43Z-00005-000,cea51d07-2019-04-18T16:01:08Z-00003-000,7cbf10e9-2019-04-18T17:17:53Z-00005-000,8e390fa0-2019-04-18T16:35:56Z-00001-000,33468870-2019-04-18T14:09:04Z-00000-000,7309ebad-2019-04-18T16:39:16Z-00002-000,b0ededc9-2019-04-18T15:49:28Z-00003-000,c9ad19ab-2019-04-18T15:50:31Z-00002-000,52f7c2b-2019-04-18T17:03:06Z-00001-000,c3733a2d-2019-04-18T13:59:25Z-00006-000,350a5253-2019-04-18T12:11:37Z-00001-000,ca3fc069-2019-04-18T16:43:28Z-00004-000,4d36a09e-2019-04-18T16:33:38Z-00004-000,ba860f1e-2019-04-18T16:24:26Z-00007-000,4fda47b2-2019-04-18T11:10:13Z-00001-000,96429c07-2019-04-18T11:16:22Z-00001-000,a8771041-2019-04-18T12:53:18Z-00003-000,4302d5e8-2019-04-18T12:53:53Z-00001-000,9a66988-2019-04-18T12:07:13Z-00004-000,4e8e8e80-2019-04-18T11:37:29Z-00002-000,eed72a73-2019-04-18T13:02:15Z-00000-000,7a8cf73c-2019-04-18T14:40:16Z-00002-000,303a0291-2019-04-18T14:30:01Z-00003-000,846abdb3-2019-04-18T11:50:15Z-00000-000,1b6b4de-2019-04-18T14:38:39Z-00002-000,739f2cb1-2019-04-18T16:12:34Z-00001-000,922fd121-2019-04-18T12:41:45Z-00003-000,8294f9c7-2019-04-18T17:01:26Z-00007-000,e34e5e61-2019-04-18T12:55:35Z-00001-000,ceba7e7b-2019-04-18T14:45:35Z-00006-000,d3c801ca-2019-04-18T15:48:58Z-00007-000,e813a430-2019-04-18T15:57:17Z-00003-000,cdfd7a87-2019-04-18T15:44:21Z-00001-000,2e6c667d-2019-04-18T15:59:45Z-00002-000,62a458c3-2019-04-18T14:13:54Z-00003-000,91554009-2019-04-18T15:38:48Z-00001-000,e511ec5-2019-04-19T12:45:01Z-00019-000,fbcbe1c1-2019-04-18T17:03:16Z-00000-000,fdd95a28-2019-04-18T15:29:43Z-00003-000,8ac8a084-2019-04-18T11:23:20Z-00006-000,3937592a-2019-04-18T14:39:01Z-00002-000,f56dd41c-2019-04-18T14:29:01Z-00004-000,4c47ade5-2019-04-18T14:44:42Z-00004-000,65e48515-2019-04-18T15:58:11Z-00004-000,e0515c52-2019-04-18T11:43:14Z-00005-000,10a5fd09-2019-04-18T15:57:27Z-00001-000,62a45828-2019-04-18T16:03:28Z-00000-000,ab7c23b6-2019-04-18T13:31:11Z-00002-000,9b5bd13b-2019-04-18T11:24:04Z-00006-000,6bbc8a3e-2019-04-18T16:52:49Z-00004-000,7301aafd-2019-04-18T14:11:51Z-00003-000,44f6fab1-2019-04-18T17:01:56Z-00003-000,5b2ac09c-2019-04-18T13:04:23Z-00004-000,3491d158-2019-04-18T16:18:23Z-00006-000,d12888bd-2019-04-18T15:59:39Z-00006-000,c837b03c-2019-04-18T12:17:26Z-00005-000,f99364f4-2019-04-18T13:41:53Z-00000-000,483d3b0a-2019-04-18T12:39:46Z-00003-000,a61748de-2019-04-18T16:15:04Z-00002-000,8196674d-2019-04-18T14:20:47Z-00001-000,940e7dd4-2019-04-18T15:40:38Z-00001-000,b386b031-2019-04-18T16:24:16Z-00009-000,9d2fcc7c-2019-04-18T12:53:00Z-00006-000,e10f4ebd-2019-04-18T16:19:31Z-00002-000,384991a9-2019-04-18T16:54:00Z-00001-000,4c51f3cb-2019-04-18T11:33:03Z-00003-000,d3c801ca-2019-04-18T15:48:58Z-00005-000,592ec376-2019-04-18T15:42:38Z-00004-000,7ce7b871-2019-04-18T11:12:38Z-00000-000,1bc6d18c-2019-04-18T13:27:55Z-00007-000,c297f89a-2019-04-18T18:36:48Z-00000-000,d7e933b5-2019-04-18T12:03:56Z-00009-000,d3df9221-2019-04-18T19:44:33Z-00003-000,efaa449f-2019-04-18T13:01:53Z-00001-000,6769002b-2019-04-18T13:08:36Z-00003-000,33468870-2019-04-18T14:09:04Z-00003-000,dcd83210-2019-04-18T14:19:43Z-00006-000,f99012bf-2019-04-18T15:04:39Z-00003-000,41ee0719-2019-04-18T14:19:05Z-00004-000,a96abcf4-2019-04-18T16:34:06Z-00002-000,ac039bb2-2019-04-18T16:10:40Z-00005-000,d2fb02b-2019-04-18T13:40:50Z-00006-000,6f0bf5f7-2019-04-18T15:48:21Z-00002-000,3fe3afd2-2019-04-18T15:59:44Z-00004-000,1f64bf69-2019-04-18T14:54:36Z-00002-000,a5f59f8b-2019-04-18T15:40:40Z-00005-000,87df88fe-2019-04-18T11:15:17Z-00004-000,8939edac-2019-04-18T14:45:27Z-00000-000,edee4216-2019-04-18T15:12:49Z-00005-000,909d0f7c-2019-04-18T16:40:22Z-00002-000,fb5d4752-2019-04-18T15:21:08Z-00008-000,22e45a35-2019-04-18T16:20:27Z-00006-000,ffb8146b-2019-04-18T16:31:52Z-00000-000,e80acb6a-2019-04-18T17:00:32Z-00002-000,4c51f3cb-2019-04-18T11:33:03Z-00009-000,ab7b01c0-2019-04-18T15:44:19Z-00006-000,e7267223-2019-04-18T14:53:14Z-00000-000,a6a8f03d-2019-04-18T11:58:03Z-00005-000,7586bcda-2019-04-18T14:29:50Z-00001-000,d4f22fc7-2019-04-18T15:33:39Z-00005-000,7d98d691-2019-04-18T14:32:40Z-00004-000,6d6c4c8e-2019-04-18T12:59:56Z-00000-000,ddf83b26-2019-04-18T17:10:13Z-00001-000,587f6c43-2019-04-18T14:04:07Z-00002-000,ed49d9f8-2019-04-18T14:27:03Z-00002-000,2c9b689e-2019-04-18T14:33:55Z-00000-000,9712b5d1-2019-04-18T17:15:26Z-00001-000,ceba7e7b-2019-04-18T14:45:35Z-00000-000,64301339-2019-04-18T11:33:34Z-00001-000,679a0b4d-2019-04-18T11:55:37Z-00000-000,5993a6ac-2019-04-18T16:46:48Z-00001-000,9bf94c19-2019-04-18T16:13:19Z-00005-000,5a99a8b6-2019-04-18T14:51:21Z-00002-000,d5ba3180-2019-04-18T15:25:24Z-00004-000,224ec812-2019-04-18T15:10:29Z-00007-000,9529e708-2019-04-18T12:08:58Z-00003-000,eb64df57-2019-04-18T16:19:22Z-00002-000,d54c0e3a-2019-04-18T18:19:59Z-00003-000,d4f22fc7-2019-04-18T15:33:39Z-00004-000,1210ca68-2019-04-18T15:56:54Z-00001-000,ca3fc069-2019-04-18T16:43:28Z-00000-000,67a1de10-2019-04-18T14:49:31Z-00003-000,55ecb188-2019-04-18T16:18:10Z-00003-000,e00172df-2019-04-18T12:08:45Z-00006-000,19235009-2019-04-18T13:11:06Z-00001-000,dfcfd9c7-2019-04-18T14:09:13Z-00004-000,c036ea08-2019-04-18T13:12:59Z-00006-000,146f8773-2019-04-18T15:17:06Z-00005-000,27224f9-2019-04-18T12:46:08Z-00003-000,1dabddd-2019-04-18T15:32:45Z-00002-000,b18520c3-2019-04-18T18:41:36Z-00004-000,5262e213-2019-04-18T15:41:48Z-00003-000,17c9a25b-2019-04-18T12:11:46Z-00004-000,1cfe08fc-2019-04-18T11:10:15Z-00002-000,6dc281c9-2019-04-18T16:13:19Z-00000-000,f8278ec3-2019-04-18T15:46:08Z-00005-000,9386df88-2019-04-18T17:16:33Z-00000-000,197db29f-2019-04-18T15:45:34Z-00003-000,27eda2ec-2019-04-18T15:51:49Z-00007-000,525866df-2019-04-18T16:21:51Z-00004-000,232debc2-2019-04-18T13:52:03Z-00003-000,bd65d26c-2019-04-18T12:19:51Z-00001-000,addb9b88-2019-04-18T16:27:19Z-00001-000,bc33a320-2019-04-18T16:01:23Z-00003-000,33468870-2019-04-18T14:09:04Z-00002-000,5d48cba6-2019-04-18T16:28:02Z-00001-000,1d952e75-2019-04-18T11:50:17Z-00002-000,26359a68-2019-04-18T14:12:02Z-00001-000,f10c964b-2019-04-18T13:45:20Z-00005-000,9cf510cd-2019-04-18T16:53:31Z-00000-000,59031e13-2019-04-18T14:30:34Z-00002-000,4966f0b7-2019-04-18T15:08:08Z-00002-000,3e9e77bf-2019-04-18T12:10:52Z-00005-000,a4b5e5a1-2019-04-18T16:12:40Z-00006-000,68663e9d-2019-04-18T17:09:05Z-00003-000,39461523-2019-04-18T16:54:17Z-00000-000,c9042521-2019-04-18T12:10:46Z-00002-000,8294f9c7-2019-04-18T17:01:26Z-00001-000,c011eaf7-2019-04-18T13:39:29Z-00001-000,b10ea6f-2019-04-18T12:51:22Z-00005-000,34d9fe84-2019-04-18T16:24:43Z-00001-000,e8fd55b5-2019-04-18T15:01:14Z-00001-000,117165b3-2019-04-18T13:31:02Z-00004-000,21b7c38b-2019-04-18T14:46:58Z-00003-000,c9766b07-2019-04-18T12:59:19Z-00003-000,d43662b5-2019-04-18T15:54:59Z-00003-000,a91317cd-2019-04-18T18:41:12Z-00002-000,f4739866-2019-04-18T16:36:13Z-00007-000,e677acc0-2019-04-18T16:13:56Z-00004-000,f84d7178-2019-04-18T14:57:33Z-00003-000,8ac8a084-2019-04-18T11:23:20Z-00004-000,41fee07d-2019-04-18T11:11:43Z-00002-000,ab48812b-2019-04-18T15:44:27Z-00001-000,982f113e-2019-04-18T12:43:54Z-00002-000,66bd90ea-2019-04-18T18:08:50Z-00002-000,a4067850-2019-04-18T18:38:07Z-00000-000,bf59587f-2019-04-18T12:27:15Z-00007-000,7ce7a58d-2019-04-18T14:25:39Z-00003-000,d7e93396-2019-04-18T12:05:58Z-00009-000,24bc40fb-2019-04-18T13:15:00Z-00009-000,24b27dcb-2019-04-18T16:14:14Z-00003-000,7c9ba474-2019-04-18T11:13:45Z-00007-000,6250a9c6-2019-04-18T12:42:46Z-00004-000,f09d45d-2019-04-18T13:31:12Z-00007-000,6c89d337-2019-04-18T17:08:05Z-00003-000,45e0e285-2019-04-18T15:49:56Z-00002-000,21b7c38b-2019-04-18T14:46:58Z-00001-000,47fb69dc-2019-04-18T15:14:19Z-00004-000,8a21cca-2019-04-18T14:06:51Z-00002-000,8006a72b-2019-04-18T15:24:51Z-00001-000,edd94c72-2019-04-18T15:10:32Z-00007-000,18d5416d-2019-04-18T11:26:59Z-00004-000,793a8b36-2019-04-18T16:53:15Z-00003-000,7b1ee02c-2019-04-18T18:35:49Z-00003-000,dd3dc93e-2019-04-18T11:14:44Z-00003-000,83c1c24a-2019-04-18T15:46:21Z-00002-000,fdd95a28-2019-04-18T15:29:43Z-00001-000,e6f26d89-2019-04-18T13:52:12Z-00004-000,c837b03c-2019-04-18T12:17:26Z-00007-000,c9042521-2019-04-18T12:10:46Z-00000-000,fd91358f-2019-04-18T13:11:20Z-00004-000,56a34f79-2019-04-18T16:12:39Z-00004-000,6335c45f-2019-04-18T13:10:06Z-00002-000,57ff8bf9-2019-04-18T14:56:12Z-00003-000,41bd6db9-2019-04-18T13:09:37Z-00005-000,2e898967-2019-04-18T11:12:43Z-00005-000,c2946ed5-2019-04-18T16:09:08Z-00002-000,e515863e-2019-04-18T15:58:02Z-00003-000,41e939de-2019-04-18T15:12:00Z-00000-000,79c8f40e-2019-04-18T11:36:32Z-00003-000,2c150e2c-2019-04-18T14:52:44Z-00002-000,22faf9df-2019-04-18T15:39:51Z-00007-000,4966f098-2019-04-18T15:46:44Z-00003-000,35a81926-2019-04-18T16:48:24Z-00004-000,4302d5e8-2019-04-18T12:53:53Z-00003-000,7cbf10e9-2019-04-18T17:17:53Z-00008-000,988de5f4-2019-04-18T15:53:51Z-00003-000,b55b4d62-2019-04-18T16:01:15Z-00004-000,eb49be9a-2019-04-18T16:14:24Z-00001-000,197db29f-2019-04-18T15:45:34Z-00002-000,daa57c35-2019-04-18T16:02:17Z-00002-000,353945af-2019-04-18T16:03:37Z-00005-000,3e9e77bf-2019-04-18T12:10:52Z-00006-000,fdd95a28-2019-04-18T15:29:43Z-00004-000,4dcf6819-2019-04-18T15:32:44Z-00001-000,addb9b88-2019-04-18T16:27:19Z-00000-000,873312d9-2019-04-18T16:42:33Z-00001-000,d70a8771-2019-04-18T15:43:12Z-00003-000,9a73336b-2019-04-18T16:49:59Z-00005-000,8a21d08-2019-04-18T14:01:36Z-00007-000,1bc560f7-2019-04-18T13:25:02Z-00000-000,902ad808-2019-04-18T13:03:06Z-00005-000,4686f91-2019-04-18T15:19:05Z-00004-000,ba860f1e-2019-04-18T16:24:26Z-00003-000,ae2e2d03-2019-04-18T16:52:06Z-00001-000,36544d7e-2019-04-18T16:06:41Z-00002-000,793a8b36-2019-04-18T16:53:15Z-00008-000,17c9a25b-2019-04-18T12:11:46Z-00008-000,f64a0621-2019-04-18T11:14:30Z-00007-000,bda39bd0-2019-04-18T12:41:32Z-00000-000,835eb557-2019-04-18T16:08:40Z-00003-000,99bae0c8-2019-04-18T15:25:27Z-00003-000,c837b03c-2019-04-18T12:17:26Z-00001-000,2716facf-2019-04-18T15:07:49Z-00000-000,fbe6ad2-2019-04-18T11:12:36Z-00006-000,6de4c20-2019-04-18T11:31:43Z-00000-000,278a1cb2-2019-04-18T15:03:54Z-00002-000,59d12d60-2019-04-18T16:23:50Z-00000-000,2bb1a83b-2019-04-18T15:21:33Z-00003-000,1b4cb57-2019-04-18T14:16:09Z-00003-000,f0770da-2019-04-18T16:36:47Z-00001-000,f6ad96e2-2019-04-18T15:38:50Z-00003-000,c8c5dac6-2019-04-18T16:24:47Z-00006-000,6bbc8a3e-2019-04-18T16:52:49Z-00005-000,dd25693b-2019-04-18T16:37:26Z-00004-000,d3c801ca-2019-04-18T15:48:58Z-00008-000,956541a1-2019-04-18T11:53:23Z-00001-000,7eec1896-2019-04-18T17:58:50Z-00003-000,54ffb6ed-2019-04-18T15:47:55Z-00000-000,ea8bf48b-2019-04-18T15:51:12Z-00003-000,6e192a03-2019-04-18T12:43:51Z-00006-000,5ec76d16-2019-04-18T15:58:36Z-00002-000,2c9b689e-2019-04-18T14:33:55Z-00002-000,7344e554-2019-04-18T13:09:45Z-00005-000,d8bf45bf-2019-04-18T20:04:03Z-00002-000,cbc1612f-2019-04-18T15:59:24Z-00001-000,ca3fc069-2019-04-18T16:43:28Z-00002-000,80537045-2019-04-18T15:49:38Z-00002-000,275191f0-2019-04-18T17:06:23Z-00009-000,1545a9d2-2019-04-18T17:08:29Z-00000-000,8b014bd0-2019-04-18T14:37:52Z-00001-000,b7a04059-2019-04-18T18:01:45Z-00005-000,b105decd-2019-04-18T16:50:51Z-00002-000,1f8c6fa8-2019-04-19T12:45:36Z-00003-000,fad93ebf-2019-04-18T16:56:17Z-00003-000,e0ba896a-2019-04-18T16:48:58Z-00001-000,f4739866-2019-04-18T16:36:13Z-00005-000,f8278ec3-2019-04-18T15:46:08Z-00004-000,f456f71b-2019-04-18T12:38:57Z-00004-000,57d26d91-2019-04-18T11:11:29Z-00004-000,83706ea4-2019-04-18T15:33:21Z-00003-000,87872624-2019-04-18T11:07:30Z-00005-000,96b5d729-2019-04-18T15:37:52Z-00000-000,c83fdd1-2019-04-18T15:05:53Z-00001-000,f65e478a-2019-04-18T15:07:19Z-00007-000,799d051-2019-04-18T11:47:02Z-00002-000,b79e0022-2019-04-18T15:46:53Z-00006-000,a76fd447-2019-04-18T15:57:13Z-00000-000,303a0291-2019-04-18T14:30:01Z-00009-000,c37ebaed-2019-04-18T15:47:59Z-00001-000,9ec003b9-2019-04-18T19:44:40Z-00000-000,d1d24754-2019-04-18T11:37:23Z-00005-000,803eb59b-2019-04-18T15:58:53Z-00002-000,dff71559-2019-04-18T12:04:34Z-00000-000,48ef9c72-2019-04-18T15:17:47Z-00004-000,1440fe8b-2019-04-18T13:05:26Z-00004-000,489529ab-2019-04-18T15:24:15Z-00003-000,88869144-2019-04-18T16:43:29Z-00003-000,d80c4d18-2019-04-18T16:29:29Z-00003-000,ccdf0ff2-2019-04-18T14:49:33Z-00001-000,e69d093e-2019-04-18T13:10:57Z-00001-000,11583331-2019-04-18T11:50:06Z-00003-000,b9569921-2019-04-18T13:58:43Z-00002-000,bbb76a5b-2019-04-18T15:34:43Z-00005-000,261f5bd3-2019-04-18T17:05:49Z-00005-000,e1b2ba9a-2019-04-18T13:33:13Z-00003-000,64922d63-2019-04-18T15:49:04Z-00004-000,ec374d3f-2019-04-18T16:29:42Z-00000-000,bd65d26c-2019-04-18T12:19:51Z-00007-000,e0514cb3-2019-04-18T14:44:24Z-00005-000,42c5785f-2019-04-18T15:25:56Z-00003-000,9828ecda-2019-04-18T13:17:02Z-00000-000,d0038014-2019-04-18T14:27:29Z-00005-000,feaa37b2-2019-04-18T15:44:08Z-00002-000,1dad5346-2019-04-18T11:12:17Z-00005-000,a1cec8a6-2019-04-18T14:10:51Z-00005-000,3060b4ac-2019-04-18T14:34:43Z-00002-000,daa57c35-2019-04-18T16:02:17Z-00003-000,3f470f06-2019-04-18T11:32:09Z-00001-000,a76fd447-2019-04-18T15:57:13Z-00004-000,3123f009-2019-04-18T14:44:20Z-00000-000,fb3dc5ab-2019-04-18T12:27:11Z-00001-000,5813d398-2019-04-18T15:58:22Z-00003-000,6bfba990-2019-04-18T11:21:31Z-00002-000,f13ae7e-2019-04-18T16:23:43Z-00002-000,45be5841-2019-04-18T12:25:50Z-00001-000,483d3b0a-2019-04-18T12:39:46Z-00005-000,66748d05-2019-04-18T15:17:28Z-00003-000,c038ab85-2019-04-18T14:05:06Z-00004-000,c746197b-2019-04-18T14:30:48Z-00004-000,7f918412-2019-04-18T12:55:01Z-00004-000,553a1156-2019-04-18T11:36:50Z-00003-000,9162be90-2019-04-18T14:44:54Z-00001-000,92887021-2019-04-18T14:09:13Z-00000-000,c036ea08-2019-04-18T13:12:59Z-00003-000,e9553e1e-2019-04-18T16:04:10Z-00003-000,31d279b8-2019-04-18T15:22:18Z-00006-000,6335c4bc-2019-04-18T13:07:19Z-00002-000,79905294-2019-04-18T15:54:00Z-00005-000,ab7c23b6-2019-04-18T13:31:11Z-00000-000,314da6d4-2019-04-18T17:14:46Z-00003-000,aa96ed89-2019-04-18T17:33:37Z-00005-000,70daefd9-2019-04-18T12:45:58Z-00002-000,83191fa4-2019-04-18T18:31:35Z-00006-000,c746197b-2019-04-18T14:30:48Z-00003-000,e41030a8-2019-04-18T16:05:54Z-00002-000,b5d38fd1-2019-04-18T13:57:39Z-00001-000,6176af81-2019-04-18T15:19:04Z-00001-000,32e18402-2019-04-18T15:14:56Z-00003-000,4c96ee54-2019-04-18T14:04:56Z-00006-000,f3db2e70-2019-04-18T15:39:18Z-00000-000,49e2870-2019-04-18T16:47:45Z-00001-000,87d1c5a1-2019-04-18T11:24:21Z-00001-000,e9fae283-2019-04-18T11:52:35Z-00005-000,ca3fc069-2019-04-18T16:43:28Z-00009-000,9eae7818-2019-04-18T15:12:43Z-00003-000,e0515c52-2019-04-18T11:43:14Z-00003-000,e8fd55b5-2019-04-18T15:01:14Z-00003-000,4761cc64-2019-04-18T14:27:31Z-00001-000,7feadd47-2019-04-18T17:03:42Z-00000-000,cba94472-2019-04-18T12:19:41Z-00000-000,d456c81a-2019-04-18T13:18:04Z-00000-000,15e0cb6f-2019-04-18T11:56:57Z-00003-000,d6b0d3e-2019-04-18T18:16:00Z-00000-000,68f2937d-2019-04-18T17:11:14Z-00001-000,bda39bd0-2019-04-18T12:41:32Z-00006-000,a8455a42-2019-04-18T14:26:34Z-00004-000,d44b4e5c-2019-04-18T12:52:56Z-00001-000,50027e50-2019-04-18T15:57:47Z-00004-000,8910572b-2019-04-18T14:42:36Z-00002-000,c297f89a-2019-04-18T18:36:48Z-00006-000,1ffb770e-2019-04-18T15:57:15Z-00006-000,b0a1de7f-2019-04-18T15:55:32Z-00002-000,157796c-2019-04-18T13:44:25Z-00004-000,8091edde-2019-04-18T14:06:49Z-00005-000,30e086ca-2019-04-18T14:13:52Z-00003-000,ee84ef23-2019-04-18T11:52:22Z-00003-000,cf7e4acd-2019-04-18T12:30:44Z-00000-000,95a48c3c-2019-04-18T15:29:54Z-00000-000,b18694c3-2019-04-18T13:51:52Z-00005-000,bc10aa26-2019-04-18T11:29:04Z-00002-000,24b27dcb-2019-04-18T16:14:14Z-00005-000,1dad5346-2019-04-18T11:12:17Z-00002-000,a4b5e582-2019-04-18T16:15:28Z-00000-000,ccb7d64c-2019-04-18T16:56:39Z-00002-000,a556ab48-2019-04-18T16:04:20Z-00000-000,b2b9aab5-2019-04-18T14:43:48Z-00000-000,9ad5951e-2019-04-18T16:12:09Z-00003-000,4c51f3cb-2019-04-18T11:33:03Z-00001-000,31709ab5-2019-04-18T16:17:28Z-00005-000,d686be90-2019-04-18T14:36:45Z-00004-000,28ca8ead-2019-04-18T11:14:14Z-00001-000,54bb67b3-2019-04-18T11:23:52Z-00001-000,f52c4b2e-2019-04-18T11:46:20Z-00004-000,2618b15e-2019-04-18T14:14:00Z-00006-000,b33a048c-2019-04-18T14:03:32Z-00007-000,4966f098-2019-04-18T15:46:44Z-00001-000,a69d69c4-2019-04-18T15:48:56Z-00002-000,a42c6a10-2019-04-18T15:44:02Z-00002-000,6f1ac5bd-2019-04-18T16:20:37Z-00000-000,373bfeeb-2019-04-18T17:59:08Z-00002-000,b0fc79d5-2019-04-18T14:43:32Z-00001-000,90e3193a-2019-04-18T13:27:46Z-00006-000,2eca3c01-2019-04-18T12:07:43Z-00006-000,ed49d9f8-2019-04-18T14:27:03Z-00003-000,8e390fa0-2019-04-18T16:35:56Z-00000-000,ee8b22e5-2019-04-18T13:58:41Z-00004-000,9a66988-2019-04-18T12:07:13Z-00008-000,daecdd57-2019-04-18T17:14:51Z-00001-000,24dda9f3-2019-04-18T12:28:20Z-00001-000,a2b2f3e8-2019-04-18T15:53:33Z-00000-000,3e579a80-2019-04-18T11:10:22Z-00004-000,c679dc10-2019-04-18T16:30:19Z-00001-000,61535aec-2019-04-18T11:26:41Z-00001-000,a18843d-2019-04-18T13:35:34Z-00004-000,b1868904-2019-04-18T14:19:20Z-00001-000,f09d45d-2019-04-18T13:31:12Z-00006-000,716e3642-2019-04-18T14:49:14Z-00001-000,67a62455-2019-04-18T15:24:41Z-00004-000,34b603e6-2019-04-18T11:07:30Z-00002-000,157796c-2019-04-18T13:44:25Z-00001-000,b6ca7bc1-2019-04-18T11:31:33Z-00002-000,3a87d499-2019-04-18T12:56:18Z-00004-000,e8a895f6-2019-04-18T16:38:39Z-00005-000,85e1916c-2019-04-18T15:20:30Z-00002-000,cb204967-2019-04-18T17:27:27Z-00005-000,3e6f0cf1-2019-04-18T16:00:16Z-00001-000,e3b6438c-2019-04-18T18:07:35Z-00004-000,4b4f6a8c-2019-04-18T15:57:02Z-00004-000,fbf5301a-2019-04-18T14:14:29Z-00000-000,6f0bf59a-2019-04-18T16:50:39Z-00004-000,15f79788-2019-04-18T13:27:52Z-00002-000,11c249a4-2019-04-18T11:07:00Z-00002-000,13d2c07c-2019-04-18T16:08:29Z-00003-000,e8fd55b5-2019-04-18T15:01:14Z-00004-000,40a7ed1c-2019-04-18T15:20:15Z-00003-000,42c0fb3a-2019-04-18T13:13:51Z-00006-000,5c182032-2019-04-18T14:57:27Z-00007-000,49b852c5-2019-04-18T13:45:52Z-00003-000,fe453fc6-2019-04-18T15:15:51Z-00001-000,fa63502a-2019-04-18T12:40:55Z-00001-000,56a35014-2019-04-18T16:06:14Z-00002-000,6343fd86-2019-04-18T12:01:18Z-00002-000,b10ea6f-2019-04-18T12:51:22Z-00003-000,e6f22cae-2019-04-18T16:33:34Z-00003-000,fadde2bf-2019-04-18T12:38:18Z-00002-000,1cfe08fc-2019-04-18T11:10:15Z-00001-000,793f45c1-2019-04-18T15:57:11Z-00002-000,98e9790e-2019-04-18T18:05:50Z-00007-000,dbc891ec-2019-04-18T11:39:37Z-00001-000,deaac89-2019-04-18T11:19:31Z-00008-000,d6750112-2019-04-18T15:28:35Z-00003-000,99cdf997-2019-04-18T15:50:23Z-00006-000,96f07735-2019-04-18T14:56:32Z-00005-000,bb478471-2019-04-18T12:51:22Z-00006-000,4966f0b7-2019-04-18T15:08:08Z-00001-000,edd94c72-2019-04-18T15:10:32Z-00003-000,f64a0621-2019-04-18T11:14:30Z-00006-000,112cb7ee-2019-04-18T15:46:25Z-00003-000,10d144be-2019-04-18T18:43:43Z-00000-000,3df90f48-2019-04-18T16:13:58Z-00002-000,1545a9d2-2019-04-18T17:08:29Z-00001-000,d0336817-2019-04-18T14:28:50Z-00001-000,e5a45ddb-2019-04-18T14:04:41Z-00001-000,e0515c52-2019-04-18T11:43:14Z-00004-000,a70a12b1-2019-04-19T12:44:46Z-00030-000,fee3ac6e-2019-04-18T15:20:05Z-00006-000,c7a26770-2019-04-18T12:30:48Z-00003-000,15b51bbb-2019-04-18T15:45:25Z-00007-000,1337733d-2019-04-18T15:31:37Z-00004-000,d8bf45bf-2019-04-18T20:04:03Z-00006-000,12b3f1f1-2019-04-18T15:44:38Z-00009-000,915c1927-2019-04-18T11:26:31Z-00001-000,11e24d3c-2019-04-18T17:03:39Z-00001-000,3bfe2587-2019-04-18T12:29:13Z-00005-000,d0038014-2019-04-18T14:27:29Z-00001-000,f9f87c6a-2019-04-19T12:44:53Z-00048-000,4a9ad5ff-2019-04-18T18:56:10Z-00002-000,b7e148aa-2019-04-18T16:30:26Z-00003-000,e7267223-2019-04-18T14:53:14Z-00004-000,60eb8ad6-2019-04-18T15:31:37Z-00004-000,94247caa-2019-04-18T14:12:45Z-00009-000,e813a430-2019-04-18T15:57:17Z-00002-000,4a8bdbbd-2019-04-18T17:13:51Z-00000-000,fc85e341-2019-04-18T17:11:04Z-00001-000,70daefd9-2019-04-18T12:45:58Z-00000-000,eb64df57-2019-04-18T16:19:22Z-00003-000,4c6d1e9-2019-04-18T11:51:38Z-00001-000,96e4f451-2019-04-18T15:44:40Z-00001-000,2370f2e3-2019-04-18T15:13:28Z-00003-000,39d05a54-2019-04-18T12:33:18Z-00004-000,ff04f9a6-2019-04-18T11:21:45Z-00000-000,308a4487-2019-04-18T18:20:39Z-00001-000,ae2e2d03-2019-04-18T16:52:06Z-00007-000,4d36a09e-2019-04-18T16:33:38Z-00005-000,683afe9b-2019-04-18T11:21:32Z-00002-000,909d0f7c-2019-04-18T16:40:22Z-00000-000,eaed3f70-2019-04-18T15:50:37Z-00006-000,2ec6c2a4-2019-04-18T17:21:29Z-00001-000,ef887fd7-2019-04-18T13:04:17Z-00001-000,622af56b-2019-04-18T14:56:01Z-00003-000,e8fd55b5-2019-04-18T15:01:14Z-00002-000,e2e1c438-2019-04-18T13:10:17Z-00004-000,a8455a42-2019-04-18T14:26:34Z-00005-000,3f3a1de9-2019-04-18T12:06:37Z-00003-000,abb8f548-2019-04-18T18:08:58Z-00003-000,c94f8609-2019-04-18T11:15:00Z-00003-000,e58eaf6a-2019-04-18T16:05:23Z-00004-000,826dc10-2019-04-18T16:18:56Z-00000-000,e60f07d4-2019-04-18T15:26:11Z-00000-000,22284985-2019-04-18T13:24:31Z-00006-000,3023a074-2019-04-18T16:53:08Z-00000-000,ed03cb8c-2019-04-18T15:13:05Z-00003-000,22284985-2019-04-18T13:24:31Z-00007-000,ab7c23b6-2019-04-18T13:31:11Z-00007-000,51d141db-2019-04-18T11:38:38Z-00003-000,987302ae-2019-04-18T15:21:34Z-00006-000,8ca99461-2019-04-18T11:07:04Z-00001-000,5925e7d7-2019-04-18T18:35:01Z-00004-000,83bce366-2019-04-18T16:01:17Z-00000-000,d5d05210-2019-04-18T12:20:34Z-00004-000,41674061-2019-04-18T11:20:37Z-00003-000,b79e0022-2019-04-18T15:46:53Z-00004-000,920c32e3-2019-04-18T13:42:05Z-00001-000,da6db3df-2019-04-18T12:15:56Z-00000-000,1288b0fe-2019-04-18T17:09:52Z-00005-000,a034cf37-2019-04-18T13:27:41Z-00003-000,c30882d0-2019-04-18T11:32:23Z-00000-000,4d36a09e-2019-04-18T16:33:38Z-00003-000,f9d197b6-2019-04-18T15:35:13Z-00004-000,8ac8a065-2019-04-18T11:23:44Z-00003-000,ba860f1e-2019-04-18T16:24:26Z-00000-000,669cc7cb-2019-04-18T15:51:51Z-00001-000,d686be90-2019-04-18T14:36:45Z-00006-000,1f64bf69-2019-04-18T14:54:36Z-00003-000,35ac8bc0-2019-04-18T16:18:07Z-00003-000,bbfbb9d4-2019-04-18T15:39:51Z-00003-000,5623466e-2019-04-18T14:34:43Z-00003-000,148031ab-2019-04-18T12:06:47Z-00004-000,3178486d-2019-04-18T11:22:43Z-00007-000,68b57161-2019-04-18T13:12:08Z-00003-000,e9c48cf0-2019-04-18T16:32:04Z-00006-000,cbda1b5b-2019-04-18T16:56:45Z-00004-000,c679dc10-2019-04-18T16:30:19Z-00003-000,9e32ea3b-2019-04-18T15:11:22Z-00000-000,d8b7029b-2019-04-18T11:25:31Z-00001-000,af65c13-2019-04-18T11:32:13Z-00005-000,44b61574-2019-04-18T16:45:15Z-00006-000,220fc73c-2019-04-18T14:26:32Z-00001-000,7597130c-2019-04-18T12:00:54Z-00000-000,a02ceb00-2019-04-18T12:10:23Z-00001-000,bf3759a0-2019-04-18T16:51:19Z-00004-000,988de5f4-2019-04-18T15:53:51Z-00005-000,ed6254ae-2019-04-18T18:10:41Z-00005-000,cffd33d2-2019-04-18T16:38:03Z-00004-000,c0a589bd-2019-04-18T11:25:49Z-00001-000,940e7dd4-2019-04-18T15:40:38Z-00003-000,fd269ad8-2019-04-18T14:47:19Z-00003-000,7554e5e-2019-04-18T14:39:21Z-00002-000,bda39bd0-2019-04-18T12:41:32Z-00002-000,e1beae30-2019-04-18T15:58:56Z-00000-000,bec70279-2019-04-18T14:44:26Z-00002-000,fd91358f-2019-04-18T13:11:20Z-00000-000,585f4d35-2019-04-18T14:03:23Z-00001-000,650fd2de-2019-04-19T12:47:34Z-00021-000,cc0919cb-2019-04-18T11:27:48Z-00000-000,9ba8a313-2019-04-18T12:57:38Z-00001-000,dc3d65a0-2019-04-18T14:45:18Z-00001-000,b0991eb3-2019-04-18T16:25:24Z-00004-000,68b04236-2019-04-18T12:57:51Z-00002-000,5a99a8b6-2019-04-18T14:51:21Z-00004-000,a1cec8a6-2019-04-18T14:10:51Z-00003-000,c746197b-2019-04-18T14:30:48Z-00007-000,a4c441d8-2019-04-18T12:13:30Z-00000-000,19f0f3df-2019-04-18T11:34:08Z-00002-000,32b28e9d-2019-04-18T14:36:02Z-00000-000,a1b2cbb0-2019-04-18T14:02:51Z-00004-000,56f03ab9-2019-04-18T12:07:06Z-00004-000,1304ecba-2019-04-18T15:41:15Z-00004-000,a0ba0c25-2019-04-18T14:27:34Z-00001-000,6a7c20d8-2019-04-18T18:42:38Z-00004-000,3c10077a-2019-04-18T11:15:42Z-00001-000,ea8bf48b-2019-04-18T15:51:12Z-00002-000,c658b7e5-2019-04-18T16:06:02Z-00002-000,c798cdd4-2019-04-18T16:08:33Z-00000-000,c7742487-2019-04-18T15:25:24Z-00003-000,3d75234f-2019-04-18T16:00:38Z-00000-000,d48c6be2-2019-04-18T15:01:27Z-00005-000,b1164a0a-2019-04-18T16:04:19Z-00003-000,873312d9-2019-04-18T16:42:33Z-00004-000,337b3aee-2019-04-18T16:22:29Z-00003-000,245162ee-2019-04-18T15:57:38Z-00005-000,9cf510cd-2019-04-18T16:53:31Z-00006-000,b1547910-2019-04-18T17:02:46Z-00005-000,9e32ea3b-2019-04-18T15:11:22Z-00006-000,e7ef1cdc-2019-04-18T12:50:22Z-00003-000,7001d518-2019-04-18T14:46:02Z-00003-000,df3a13aa-2019-04-18T13:13:26Z-00000-000,dc983975-2019-04-18T16:46:37Z-00002-000,3c6d31d2-2019-04-18T15:32:30Z-00006-000,5986a25f-2019-04-18T14:37:08Z-00000-000,af65bf4-2019-04-18T11:46:47Z-00003-000,7c9ba474-2019-04-18T11:13:45Z-00005-000,a5e65e2-2019-04-18T15:28:28Z-00006-000,8fcffd0e-2019-04-18T14:10:45Z-00002-000,8f09eb83-2019-04-18T14:11:49Z-00001-000,c7742487-2019-04-18T15:25:24Z-00009-000,3b6e48a5-2019-04-18T11:14:41Z-00003-000,5993a6ac-2019-04-18T16:46:48Z-00007-000,ed03cb8c-2019-04-18T15:13:05Z-00002-000,2c181ffc-2019-04-18T14:44:22Z-00004-000,1337733d-2019-04-18T15:31:37Z-00000-000,4966f0b7-2019-04-18T15:08:08Z-00004-000,5986a25f-2019-04-18T14:37:08Z-00006-000,8fff9896-2019-04-18T11:20:34Z-00005-000,7feadd66-2019-04-18T16:13:39Z-00001-000,ca3fc069-2019-04-18T16:43:28Z-00005-000,b50ed6ab-2019-04-18T16:07:29Z-00002-000,c065954f-2019-04-18T14:32:52Z-00001-000,4e8e8e80-2019-04-18T11:37:29Z-00006-000,b3f32b5e-2019-04-18T18:18:15Z-00003-000,9e0ffe13-2019-04-18T15:25:20Z-00000-000,5d12ad-2019-04-18T16:06:15Z-00003-000,9828ecda-2019-04-18T13:17:02Z-00006-000,41ee0719-2019-04-18T14:19:05Z-00003-000,296552c9-2019-04-18T13:29:17Z-00003-000,9c0c18c0-2019-04-18T18:07:15Z-00001-000,b0a1de7f-2019-04-18T15:55:32Z-00001-000,9828ecda-2019-04-18T13:17:02Z-00007-000,c83fdd1-2019-04-18T15:05:53Z-00004-000,3d37c2c8-2019-04-18T16:17:07Z-00006-000,814438bd-2019-04-18T13:06:42Z-00001-000,2447f7c5-2019-04-18T17:05:00Z-00006-000,a82915c7-2019-04-18T14:57:05Z-00004-000,bee5d365-2019-04-18T11:25:37Z-00003-000,e0f905a7-2019-04-18T13:34:42Z-00004-000,633bdeb7-2019-04-18T14:02:10Z-00004-000,1d17283f-2019-04-18T16:02:24Z-00002-000,a61748de-2019-04-18T16:15:04Z-00003-000,b4cb0bef-2019-04-18T16:51:07Z-00005-000,fd91358f-2019-04-18T13:11:20Z-00006-000,ba860f1e-2019-04-18T16:24:26Z-00002-000,7feadd66-2019-04-18T16:13:39Z-00004-000,d0038014-2019-04-18T14:27:29Z-00002-000,a1b2cbb0-2019-04-18T14:02:51Z-00007-000,41fee07d-2019-04-18T11:11:43Z-00004-000,1eef5e81-2019-04-18T11:39:22Z-00004-000,cb143430-2019-04-18T15:20:56Z-00001-000,f1189692-2019-04-18T16:45:00Z-00000-000,582d05d5-2019-04-18T12:07:26Z-00004-000,44b61574-2019-04-18T16:45:15Z-00002-000,e002ec4b-2019-04-18T15:06:16Z-00001-000,e0514d8c-2019-04-18T14:22:24Z-00001-000,85b9d688-2019-04-18T15:06:18Z-00001-000,83bce366-2019-04-18T16:01:17Z-00002-000,a4c441d8-2019-04-18T12:13:30Z-00004-000,e86c8f6a-2019-04-18T12:55:40Z-00001-000,34675a25-2019-04-18T13:55:07Z-00004-000,8220b514-2019-04-18T14:16:29Z-00002-000,dc001e36-2019-04-18T16:03:00Z-00000-000,c038ab85-2019-04-18T14:05:06Z-00001-000,bf7630d-2019-04-18T16:00:18Z-00000-000,b4a40a7b-2019-04-18T15:32:25Z-00002-000,ccfd0990-2019-04-18T13:53:36Z-00002-000,af1a1d36-2019-04-18T17:05:08Z-00001-000,b655dd4f-2019-04-18T14:48:15Z-00001-000,ab444559-2019-04-18T15:06:13Z-00003-000,407a8628-2019-04-18T15:09:15Z-00001-000,48c61002-2019-04-18T14:44:35Z-00002-000,fb24f5d0-2019-04-18T11:22:27Z-00009-000,818d1899-2019-04-18T14:07:53Z-00000-000,59d00d2a-2019-04-18T15:25:51Z-00003-000,d3e5276c-2019-04-18T14:45:14Z-00003-000,8614fa19-2019-04-18T14:56:57Z-00002-000,11db591e-2019-04-18T16:18:25Z-00003-000,6196f163-2019-04-18T15:22:49Z-00003-000,6f0bf616-2019-04-18T14:43:34Z-00007-000,d0ac2191-2019-04-18T12:03:43Z-00003-000,16d6bb39-2019-04-18T17:06:55Z-00003-000,60b6b1e2-2019-04-18T14:12:32Z-00003-000,e56c6bf7-2019-04-18T14:47:08Z-00002-000,b2b9aab5-2019-04-18T14:43:48Z-00003-000,617f5673-2019-04-18T18:55:45Z-00003-000,d0038014-2019-04-18T14:27:29Z-00006-000,f3285a8b-2019-04-18T14:20:55Z-00004-000,70f4899d-2019-04-18T13:19:33Z-00001-000,8196674d-2019-04-18T14:20:47Z-00003-000,75e3bdf-2019-04-18T15:23:29Z-00007-000,fc85e341-2019-04-18T17:11:04Z-00005-000,fadde2bf-2019-04-18T12:38:18Z-00003-000,6edc66f8-2019-04-18T16:50:11Z-00004-000,9cf510cd-2019-04-18T16:53:31Z-00003-000,b1b29968-2019-04-18T15:04:41Z-00000-000,a64e1700-2019-04-18T14:21:03Z-00002-000,64959b91-2019-04-18T15:53:35Z-00000-000,894433d2-2019-04-18T14:20:24Z-00002-000,e8a895f6-2019-04-18T16:38:39Z-00003-000,cdec89aa-2019-04-18T17:39:13Z-00005-000,aa94d05b-2019-04-18T17:07:33Z-00001-000,fdd95a28-2019-04-18T15:29:43Z-00007-000,d4cfb84-2019-04-18T13:55:36Z-00006-000,583ab211-2019-04-18T16:32:59Z-00001-000,c9481f78-2019-04-18T14:33:27Z-00005-000,8dc2f83-2019-04-18T13:49:36Z-00001-000,68f2937d-2019-04-18T17:11:14Z-00004-000,96b5d729-2019-04-18T15:37:52Z-00006-000,3ed53d2-2019-04-18T14:02:14Z-00004-000,873312d9-2019-04-18T16:42:33Z-00000-000,95a48c3c-2019-04-18T15:29:54Z-00003-000,e9653756-2019-04-18T12:58:37Z-00003-000,1cfe08fc-2019-04-18T11:10:15Z-00003-000,d0af49f3-2019-04-18T14:24:43Z-00003-000,e0515bf5-2019-04-18T11:50:51Z-00004-000,3679b562-2019-04-18T13:24:24Z-00002-000,24dda9f3-2019-04-18T12:28:20Z-00000-000,31e3931e-2019-04-18T16:05:57Z-00004-000,9d2fcc7c-2019-04-18T12:53:00Z-00004-000,350a5253-2019-04-18T12:11:37Z-00003-000,f1deacbb-2019-04-18T14:51:00Z-00004-000,438acec9-2019-04-18T14:43:28Z-00004-000,6f0bf616-2019-04-18T14:43:34Z-00006-000,efaa449f-2019-04-18T13:01:53Z-00002-000,8c8e47f2-2019-04-18T15:11:26Z-00002-000,55ecb188-2019-04-18T16:18:10Z-00002-000,254b849d-2019-04-18T17:11:19Z-00001-000,787818fb-2019-04-18T18:35:33Z-00000-000,5fac1edd-2019-04-18T14:58:20Z-00003-000,a1178551-2019-04-18T15:22:25Z-00002-000,54db293a-2019-04-18T11:16:16Z-00001-000,4302d5e8-2019-04-18T12:53:53Z-00002-000,cf95fea-2019-04-18T13:32:49Z-00002-000,2d139615-2019-04-18T14:32:34Z-00004-000,c17862b1-2019-04-18T16:31:37Z-00007-000,f7ff8d74-2019-04-18T15:23:27Z-00001-000,7344e554-2019-04-18T13:09:45Z-00001-000,1e8afce5-2019-04-18T15:25:08Z-00004-000,3361c34a-2019-04-18T12:14:50Z-00001-000,15b51bbb-2019-04-18T15:45:25Z-00005-000,e22290c6-2019-04-18T12:59:38Z-00002-000,7586b840-2019-04-18T16:39:25Z-00002-000,140e33a8-2019-04-18T17:02:04Z-00001-000,112cb7ee-2019-04-18T15:46:25Z-00004-000,62414d26-2019-04-18T14:01:41Z-00003-000,f9608178-2019-04-18T13:33:08Z-00002-000,dee4f98c-2019-04-18T15:49:35Z-00003-000,4966f098-2019-04-18T15:46:44Z-00005-000,deaac6a-2019-04-18T11:20:10Z-00000-000,a2a98a25-2019-04-18T15:19:56Z-00001-000,2c826881-2019-04-18T13:25:09Z-00002-000,65e48515-2019-04-18T15:58:11Z-00005-000,989b71f6-2019-04-18T17:12:27Z-00002-000,22e45a35-2019-04-18T16:20:27Z-00000-000,18d91e02-2019-04-18T11:23:25Z-00001-000,dc001e36-2019-04-18T16:03:00Z-00002-000,7ec5145f-2019-04-18T16:27:21Z-00000-000,7eded5c4-2019-04-18T14:45:54Z-00000-000,1a18898-2019-04-18T17:01:08Z-00004-000,35a81926-2019-04-18T16:48:24Z-00002-000,ae7c3aca-2019-04-18T13:14:06Z-00001-000,c679dc10-2019-04-18T16:30:19Z-00005-000,814438bd-2019-04-18T13:06:42Z-00002-000,1f40860f-2019-04-18T13:31:46Z-00002-000,b151b90a-2019-04-18T15:28:08Z-00002-000,6f7bcdef-2019-04-18T14:33:34Z-00004-000,fc2305a5-2019-04-18T14:29:15Z-00003-000,c544fd0b-2019-04-18T13:53:48Z-00003-000,dc6b91cf-2019-04-18T16:37:42Z-00002-000,793a8b36-2019-04-18T16:53:15Z-00007-000,aac16f62-2019-04-18T12:10:44Z-00005-000,9bf42280-2019-04-18T16:34:01Z-00004-000,af97dd0d-2019-04-18T17:37:49Z-00005-000"
